E[1] [eV],Re(eps)_nbnd_90,Re(eps)_nbnd_100,Re(eps)_nbnd_110,Re(eps)_nbnd_120,Re(eps)_nbnd_140,Re(eps)_nbnd_160
5.000000,2.72671100,2.73541600,2.74157400,2.74598400,2.75217600,2.75626500
5.037593,2.73307200,2.74178900,2.74795100,2.75236500,2.75856300,2.76265500
5.075188,2.70033400,2.70905900,2.71523200,2.71965000,2.72585100,2.72994600
5.112782,2.64129900,2.65003500,2.65621100,2.66063200,2.66683700,2.67093600
5.150376,2.57082500,2.57957300,2.58575600,2.59018100,2.59639200,2.60049300
5.187970,2.47308800,2.48184800,2.48803900,2.49246800,2.49868200,2.50278500
5.225564,2.32829700,2.33706700,2.34326400,2.34770000,2.35391900,2.35802400
5.263157,2.14995400,2.15873600,2.16493900,2.16937700,2.17560100,2.17970800
5.300752,1.93659400,1.94538800,1.95159600,1.95604000,1.96227000,1.96638100
5.338346,1.64983200,1.65863600,1.66485200,1.66929800,1.67553600,1.67964900
5.375940,1.28921900,1.29803500,1.30425900,1.30871100,1.31495200,1.31906700
5.413534,0.94010000,0.94892800,0.95515800,0.95961400,0.96586000,0.96998000
5.451128,0.66522400,0.67406600,0.68030200,0.68476400,0.69101400,0.69514000
5.488721,0.43392200,0.44277600,0.44901800,0.45348200,0.45973700,0.46386100
5.526316,0.24430200,0.25316700,0.25941800,0.26388700,0.27014800,0.27427600
5.563910,0.14528300,0.15416000,0.16042000,0.16489500,0.17115900,0.17528900
5.601503,0.11413800,0.12302700,0.12929500,0.13377000,0.14004200,0.14417400
5.639097,0.09835900,0.10726000,0.11353300,0.11801600,0.12429300,0.12842800
5.676692,0.08466600,0.09358300,0.09986300,0.10435200,0.11063400,0.11477200
5.714285,0.10017400,0.10910000,0.11539000,0.11988200,0.12617000,0.13031300
5.751880,0.14705100,0.15599000,0.16228800,0.16678200,0.17307500,0.17721900
5.789474,0.20536700,0.21431900,0.22062300,0.22512400,0.23142100,0.23556900
5.827067,0.26737400,0.27634100,0.28265300,0.28716000,0.29346300,0.29761400
5.864661,0.33608800,0.34506700,0.35138700,0.35589800,0.36220700,0.36636000
5.902255,0.39720600,0.40619800,0.41252500,0.41704000,0.42335700,0.42751300
5.939849,0.44468400,0.45369000,0.46002500,0.46454700,0.47086800,0.47502800
5.977444,0.49797900,0.50699900,0.51334200,0.51786900,0.52419500,0.52835700
6.015037,0.55135800,0.56039200,0.56674400,0.57127500,0.57760900,0.58177300
6.052631,0.59753100,0.60657900,0.61293900,0.61747400,0.62381400,0.62798300
6.090225,0.64731800,0.65637900,0.66274800,0.66728800,0.67363400,0.67780600
6.127820,0.68312500,0.69220200,0.69857900,0.70312400,0.70947600,0.71365100
6.165413,0.68251000,0.69160100,0.69798600,0.70253700,0.70889500,0.71307300
6.203007,0.65525800,0.66436200,0.67075500,0.67531200,0.68167400,0.68585700
6.240601,0.61675900,0.62587900,0.63228200,0.63684400,0.64321100,0.64739700
6.278195,0.56480700,0.57394000,0.58035100,0.58491800,0.59129300,0.59548000
6.315789,0.50199700,0.51114600,0.51756600,0.52213800,0.52851900,0.53270900
6.353383,0.44305200,0.45221600,0.45864400,0.46322100,0.46960800,0.47380400
6.390977,0.39906900,0.40824700,0.41468400,0.41926700,0.42566100,0.42986100
6.428571,0.39527000,0.40446300,0.41090900,0.41549700,0.42189800,0.42610000
6.466165,0.43371000,0.44291900,0.44937500,0.45396800,0.46037600,0.46458000
6.503759,0.48159600,0.49082000,0.49728500,0.50188500,0.50829700,0.51250600
6.541353,0.51780700,0.52704800,0.53352100,0.53812700,0.54454600,0.54875900
6.578947,0.53659500,0.54585200,0.55233400,0.55694500,0.56337100,0.56758700
6.616541,0.53527800,0.54455100,0.55104300,0.55565900,0.56209100,0.56631200
6.654135,0.52299500,0.53228400,0.53878600,0.54340900,0.54984700,0.55407000
6.691729,0.52156700,0.53087200,0.53738200,0.54201000,0.54845700,0.55268400
6.729323,0.54187700,0.55120000,0.55772100,0.56235500,0.56880600,0.57303800
6.766917,0.57455600,0.58389500,0.59042400,0.59506400,0.60152300,0.60575700
6.804511,0.60651500,0.61586900,0.62240900,0.62705500,0.63352200,0.63775900
6.842104,0.62966400,0.63903600,0.64558500,0.65023800,0.65671000,0.66095300
6.879699,0.64145700,0.65084500,0.65740500,0.66206300,0.66854200,0.67278700
6.917293,0.64977700,0.65918400,0.66575300,0.67041800,0.67690500,0.68115400
6.954887,0.65545000,0.66487300,0.67145200,0.67612300,0.68261600,0.68687000
6.992481,0.65434500,0.66378600,0.67037500,0.67505200,0.68155300,0.68581000
7.030074,0.64501900,0.65447800,0.66107800,0.66576000,0.67226900,0.67652800
7.067669,0.63899500,0.64847100,0.65508100,0.65977100,0.66628600,0.67055100
7.105263,0.64765500,0.65715000,0.66377000,0.66846600,0.67498900,0.67925600
7.142857,0.66602800,0.67554200,0.68217300,0.68687500,0.69340500,0.69767700
7.180451,0.69032000,0.69985100,0.70649300,0.71120200,0.71773900,0.72201500
7.218045,0.72209300,0.73164300,0.73829600,0.74301100,0.74955700,0.75383600
7.255639,0.75618300,0.76575200,0.77241500,0.77713700,0.78369000,0.78797300
7.293232,0.78635900,0.79594700,0.80262200,0.80735000,0.81390900,0.81819700
7.330826,0.81548200,0.82509000,0.83177500,0.83651000,0.84307700,0.84736900
7.368421,0.84574600,0.85537400,0.86207000,0.86681100,0.87338700,0.87768300
7.406014,0.87225000,0.88189600,0.88860300,0.89335300,0.89993600,0.90423600
7.443608,0.89328200,0.90294800,0.90966700,0.91442200,0.92101200,0.92531700
7.481203,0.91297300,0.92265900,0.92938900,0.93415100,0.94075000,0.94505700
7.518797,0.93817000,0.94787700,0.95461900,0.95938700,0.96599400,0.97030600
7.556391,0.96766800,0.97739400,0.98414800,0.98892400,0.99553800,0.99985600
7.593984,0.99043400,1.00018000,1.00694500,1.01172900,1.01835100,1.02267200
7.631578,0.99720000,1.00696500,1.01374100,1.01853200,1.02516200,1.02948800
7.669173,0.98682300,0.99660500,1.00339400,1.00819100,1.01483000,1.01916100
7.706767,0.97493900,0.98474000,0.99154100,0.99634600,1.00299300,1.00732700
7.744360,0.97939200,0.98921700,0.99603000,1.00084200,1.00749700,1.01183600
7.781955,0.99294700,1.00279400,1.00962100,1.01443900,1.02110400,1.02544700
7.819549,1.00277400,1.01264200,1.01948000,1.02430700,1.03097900,1.03532700
7.857142,1.01243000,1.02231700,1.02916800,1.03400200,1.04068300,1.04503500
7.894736,1.02918900,1.03910000,1.04596300,1.05080500,1.05749400,1.06185100
7.932330,1.05082100,1.06075800,1.06763300,1.07248300,1.07918000,1.08354100
7.969924,1.07175700,1.08171600,1.08860500,1.09346200,1.10016800,1.10453400
8.007519,1.09507000,1.10504300,1.11194500,1.11681000,1.12352500,1.12789600
8.045113,1.11573200,1.12570600,1.13262200,1.13749400,1.14421800,1.14859400
8.082706,1.12241700,1.13238800,1.13931700,1.14419800,1.15093100,1.15531000
8.120299,1.11013600,1.12013500,1.12707800,1.13196600,1.13870700,1.14309200
8.157894,1.07927000,1.08931700,1.09627100,1.10116700,1.10791700,1.11230700
8.195488,1.03507200,1.04516600,1.05213100,1.05703500,1.06379400,1.06818800
8.233082,0.98682900,0.99697500,1.00395300,1.00886500,1.01563300,1.02003300
8.270677,0.94088200,0.95106900,0.95806300,0.96298200,0.96976000,0.97416400
8.308270,0.89666200,0.90686200,0.91387100,0.91879800,0.92558500,0.92999300
8.345864,0.85830900,0.86851600,0.87554000,0.88047600,0.88727200,0.89168600
8.383458,0.83760500,0.84782900,0.85486500,0.85980800,0.86661400,0.87103200
8.421052,0.83655200,0.84679700,0.85384100,0.85879300,0.86560900,0.87003200
8.458646,0.84250900,0.85278000,0.85982700,0.86478700,0.87161200,0.87604000
8.496240,0.84000400,0.85029900,0.85735500,0.86232600,0.86916000,0.87359400
8.533834,0.82592800,0.83624900,0.84332600,0.84831100,0.85515600,0.85959400
8.571428,0.81079100,0.82113900,0.82823500,0.83324000,0.84009500,0.84453900
8.609021,0.80602400,0.81639800,0.82350800,0.82852600,0.83538900,0.83983800
8.646616,0.80691700,0.81731800,0.82443300,0.82944900,0.83632300,0.84077700
8.684210,0.79225700,0.80268500,0.80981800,0.81483300,0.82171700,0.82617700
8.721804,0.75785100,0.76830700,0.77547100,0.78049100,0.78738500,0.79185000
8.759398,0.73259700,0.74308100,0.75026700,0.75529600,0.76220000,0.76667100
8.796992,0.73016800,0.74068000,0.74788000,0.75292100,0.75983500,0.76431100
8.834586,0.73850300,0.74904300,0.75626100,0.76131100,0.76823600,0.77271600
8.872180,0.74626700,0.75683800,0.76406800,0.76912900,0.77606500,0.78055100
8.909773,0.75560600,0.76620400,0.77344800,0.77852500,0.78547100,0.78996200
8.947368,0.77139200,0.78202000,0.78927500,0.79436400,0.80132000,0.80581800
8.984962,0.79482500,0.80547700,0.81275000,0.81784200,0.82480800,0.82931100
9.022555,0.82414200,0.83481600,0.84210700,0.84720000,0.85417800,0.85868600
9.060150,0.85521300,0.86590800,0.87321800,0.87832000,0.88531000,0.88982400
9.097744,0.88715300,0.89787900,0.90520700,0.91031900,0.91732100,0.92184000
9.135338,0.91821900,0.92897900,0.93632300,0.94144600,0.94845700,0.95298200
9.172933,0.94389700,0.95469100,0.96205200,0.96718500,0.97420600,0.97873600
9.210526,0.96453900,0.97536700,0.98274500,0.98789000,0.99491800,0.99945400
9.248120,0.98427000,0.99512800,1.00252300,1.00767900,1.01471400,1.01925700
9.285713,1.00612100,1.01700700,1.02442100,1.02958900,1.03663200,1.04118100
9.323307,1.02712300,1.03803500,1.04546700,1.05064500,1.05769800,1.06225100
9.360902,1.04091800,1.05185700,1.05930700,1.06449600,1.07156200,1.07612300
9.398496,1.04625300,1.05721300,1.06468200,1.06988200,1.07696300,1.08152900
9.436090,1.04200000,1.05297800,1.06046600,1.06567600,1.07277200,1.07734400
9.473684,1.02419500,1.03520100,1.04270900,1.04793000,1.05503800,1.05961700
9.511277,0.99689000,1.00793900,1.01546700,1.02069800,1.02781900,1.03240300
9.548872,0.97021700,0.98131600,0.98886100,0.99410300,1.00124000,1.00583000
9.586466,0.95199000,0.96314300,0.97070000,0.97595300,0.98310900,0.98770600
9.624060,0.94295100,0.95415000,0.96171600,0.96698100,0.97415000,0.97875200
9.661654,0.94203500,0.95326600,0.96084900,0.96612500,0.97330000,0.97790800
9.699247,0.95014400,0.96140500,0.96901000,0.97429600,0.98147800,0.98609300
9.736841,0.96324800,0.97454600,0.98217000,0.98746800,0.99466300,0.99928500
9.774436,0.97692000,0.98825100,0.99589900,1.00120900,1.00841700,1.01304700
9.812029,0.99398200,1.00534200,1.01301200,1.01833200,1.02555600,1.03019200
9.849624,1.01489600,1.02627800,1.03396200,1.03929500,1.04653200,1.05117300
9.887218,1.03254200,1.04394700,1.05163100,1.05697500,1.06422400,1.06887400
9.924811,1.03902200,1.05045500,1.05814200,1.06349800,1.07075600,1.07541300
9.962406,1.03169000,1.04317000,1.05087500,1.05624200,1.06350900,1.06817200
9.999999,1.01637600,1.02790700,1.03564800,1.04102700,1.04829900,1.05296700
10.037590,1.00616800,1.01775500,1.02553400,1.03092600,1.03820900,1.04288300
10.075190,1.00634600,1.01799500,1.02579500,1.03119800,1.03849800,1.04317600
10.112780,1.00935700,1.02106400,1.02887400,1.03429000,1.04160300,1.04628800
10.150380,1.00780600,1.01955200,1.02738100,1.03280800,1.04013400,1.04482700
10.187970,1.00663300,1.01840600,1.02625700,1.03169700,1.03903800,1.04373900
10.225560,1.01335400,1.02515800,1.03302500,1.03847700,1.04583900,1.05055000
10.263160,1.02351000,1.03535700,1.04324200,1.04870500,1.05608300,1.06080300
10.300750,1.02943100,1.04132300,1.04924100,1.05471700,1.06211000,1.06683400
10.338350,1.03124400,1.04316900,1.05111900,1.05660900,1.06401600,1.06874200
10.375940,1.03094300,1.04289400,1.05086200,1.05636800,1.06379000,1.06851900
10.413530,1.02818800,1.04017100,1.04816100,1.05368000,1.06111700,1.06585100
10.451130,1.02338400,1.03540900,1.04343100,1.04895300,1.05640600,1.06114300
10.488720,1.02126800,1.03334500,1.04140300,1.04692600,1.05439400,1.05913200
10.526310,1.02397500,1.03610100,1.04418800,1.04972500,1.05720500,1.06194700
10.563910,1.02796900,1.04014000,1.04824000,1.05380400,1.06130200,1.06605100
10.601500,1.02814100,1.04035700,1.04846900,1.05405800,1.06157500,1.06633300
10.639100,1.02057200,1.03282500,1.04096300,1.04656500,1.05410500,1.05887800
10.676690,1.00669500,1.01898900,1.02716400,1.03277600,1.04032900,1.04511300
10.714280,0.99371500,1.00606100,1.01427200,1.01989800,1.02745600,1.03225300
10.751880,0.98855400,1.00095400,1.00919100,1.01483500,1.02239800,1.02720800
10.789470,0.99147200,1.00392600,1.01217300,1.01783700,1.02541500,1.03023100
10.827070,0.99899800,1.01150800,1.01977200,1.02546000,1.03304800,1.03787100
10.864660,1.00843500,1.02100500,1.02929800,1.03499700,1.04259500,1.04742700
10.902250,1.01331300,1.02594500,1.03428200,1.03997400,1.04757100,1.05241000
10.939850,1.00741100,1.02010200,1.02848200,1.03415900,1.04175200,1.04659900
10.977440,0.98923000,1.00198400,1.01039200,1.01606800,1.02366300,1.02852100
11.015040,0.96016100,0.97295000,0.98138100,0.98706700,0.99469000,0.99955800
11.052630,0.92005800,0.93284500,0.94128500,0.94700400,0.95468300,0.95955900
11.090220,0.87489800,0.88770900,0.89616200,0.90192300,0.90963700,0.91452100
11.127820,0.83736300,0.85024800,0.85873400,0.86451800,0.87224100,0.87713500
11.165410,0.81425000,0.82721900,0.83574000,0.84152700,0.84926200,0.85416100
11.203010,0.80344400,0.81648100,0.82502500,0.83083100,0.83857800,0.84348000
11.240600,0.79915600,0.81225100,0.82081300,0.82665200,0.83441100,0.83932000
11.278190,0.79539000,0.80854400,0.81714200,0.82300700,0.83077400,0.83569000
11.315790,0.79174600,0.80495700,0.81358700,0.81947000,0.82724900,0.83217900
11.353380,0.79093600,0.80420200,0.81285500,0.81875400,0.82656100,0.83149900
11.390980,0.79449300,0.80781900,0.81649500,0.82239900,0.83023100,0.83517800
11.428570,0.80024100,0.81362400,0.82234400,0.82824400,0.83609200,0.84104700
11.466160,0.80318900,0.81662600,0.82539900,0.83131900,0.83917400,0.84413500
11.503760,0.80178200,0.81528100,0.82408800,0.83003700,0.83790200,0.84287500
11.541350,0.80041500,0.81398600,0.82279700,0.82877000,0.83666400,0.84164900
11.578950,0.80170100,0.81533600,0.82415100,0.83013500,0.83806700,0.84306700
11.616540,0.80234700,0.81603400,0.82488200,0.83088100,0.83883400,0.84383700
11.654130,0.80014400,0.81389100,0.82279100,0.82880500,0.83676100,0.84176800
11.691730,0.79262400,0.80645100,0.81539600,0.82142300,0.82937600,0.83438800
11.729320,0.77956400,0.79347100,0.80244900,0.80849600,0.81645300,0.82146900
11.766920,0.76659100,0.78056000,0.78956400,0.79564200,0.80362200,0.80864000
11.804510,0.76151600,0.77554400,0.78457200,0.79067800,0.79868700,0.80372200
11.842100,0.76462600,0.77871900,0.78778400,0.79390800,0.80194400,0.80698800
11.879700,0.77149200,0.78564200,0.79475200,0.80088800,0.80895200,0.81399900
11.917290,0.78027800,0.79448300,0.80363400,0.80979000,0.81788000,0.82293700
11.954890,0.78899000,0.80326800,0.81244300,0.81862500,0.82674000,0.83180500
11.992480,0.79480900,0.80917400,0.81836900,0.82457300,0.83271300,0.83778000
12.030070,0.79454100,0.80899800,0.81822200,0.82444000,0.83259500,0.83766600
12.067670,0.78339200,0.79792900,0.80718900,0.81342200,0.82159200,0.82666900
12.105260,0.76037000,0.77497700,0.78427700,0.79052200,0.79872300,0.80381000
12.142860,0.73162500,0.74630500,0.75565000,0.76189900,0.77014000,0.77523700
12.180450,0.70754700,0.72230300,0.73169100,0.73795700,0.74621800,0.75133100
12.218040,0.69410600,0.70894700,0.71837200,0.72466700,0.73291700,0.73805800
12.255640,0.68749200,0.70242700,0.71188800,0.71821500,0.72644900,0.73161900
12.293230,0.68136800,0.69639100,0.70588700,0.71224600,0.72049100,0.72566300
12.330830,0.67302800,0.68813200,0.69766200,0.70404600,0.71232800,0.71748900
12.368420,0.66354500,0.67871900,0.68829300,0.69469900,0.70301900,0.70817800
12.406010,0.65522200,0.67047900,0.68010200,0.68651600,0.69486400,0.70004000
12.443610,0.64933100,0.66467800,0.67434500,0.68076400,0.68914200,0.69434000
12.481200,0.64679900,0.66223200,0.67193900,0.67837100,0.68677600,0.69199900
12.518800,0.64724000,0.66275400,0.67250000,0.67896100,0.68738500,0.69262500
12.556390,0.64451300,0.66010500,0.66989000,0.67638700,0.68483200,0.69007700
12.593980,0.63699400,0.65266700,0.66249900,0.66902700,0.67749100,0.68273700
12.631580,0.63034500,0.64610600,0.65599700,0.66254600,0.67102500,0.67627700
12.669170,0.62757000,0.64342600,0.65337100,0.65993900,0.66844500,0.67369800
12.706770,0.62784800,0.64381200,0.65379800,0.66038200,0.66892600,0.67418300
12.744360,0.62755200,0.64363200,0.65365100,0.66025900,0.66883400,0.67410600
12.781950,0.62447700,0.64067300,0.65072500,0.65736600,0.66595600,0.67125100
12.819550,0.62066600,0.63696700,0.64705900,0.65373500,0.66234200,0.66764500
12.857140,0.61883300,0.63523700,0.64537600,0.65207600,0.66070000,0.66601600
12.894740,0.61654700,0.63305000,0.64323800,0.64996000,0.65861200,0.66394000
12.932330,0.61052700,0.62713200,0.63735900,0.64410500,0.65279700,0.65813500
12.969920,0.60271800,0.61944100,0.62970900,0.63648000,0.64519800,0.65055300
13.007520,0.59354400,0.61039700,0.62070700,0.62750100,0.63623300,0.64161000
13.045110,0.58319000,0.60016500,0.61053200,0.61734500,0.62609600,0.63148600
13.082710,0.57751700,0.59460400,0.60503300,0.61187100,0.62064700,0.62603700
13.120300,0.58004600,0.59724700,0.60773300,0.61460200,0.62340300,0.62879800
13.157890,0.58718900,0.60451200,0.61504700,0.62194200,0.63076800,0.63617800
13.195490,0.59190600,0.60935500,0.61993100,0.62685200,0.63570800,0.64113800
13.233080,0.59154900,0.60913000,0.61974900,0.62669900,0.63557900,0.64103200
13.270670,0.58840300,0.60612400,0.61679400,0.62377200,0.63267800,0.63814400
13.308270,0.58677900,0.60464200,0.61537000,0.62237000,0.63130500,0.63678400
13.345860,0.58721700,0.60521900,0.61600400,0.62302700,0.63199100,0.63748200
13.383460,0.58574000,0.60387800,0.61472000,0.62177400,0.63075800,0.63626100
13.421050,0.58085100,0.59912800,0.61002800,0.61711400,0.62612200,0.63163300
13.458640,0.57452200,0.59294400,0.60390300,0.61102200,0.62005400,0.62557900
13.496240,0.56940300,0.58797700,0.59900300,0.60614800,0.61520500,0.62074100
13.533830,0.56664500,0.58538000,0.59647900,0.60364000,0.61272700,0.61827100
13.571430,0.56550100,0.58439800,0.59556800,0.60274500,0.61186700,0.61741600
13.609020,0.56380100,0.58285600,0.59409000,0.60129000,0.61045200,0.61600800
13.646620,0.56020100,0.57942100,0.59071200,0.59793700,0.60713500,0.61270400
13.684210,0.55538300,0.57477900,0.58612400,0.59337600,0.60260500,0.60819800
13.721800,0.55172700,0.57130100,0.58270800,0.58999400,0.59924200,0.60486000
13.759400,0.55231700,0.57207100,0.58353800,0.59086800,0.60013900,0.60577400
13.796990,0.55786500,0.57780400,0.58933500,0.59671100,0.60600900,0.61165100
13.834590,0.56583300,0.58595800,0.59755900,0.60497900,0.61430500,0.61995300
13.872180,0.57366700,0.59397800,0.60565800,0.61311700,0.62246900,0.62812800
13.909770,0.57931500,0.59982200,0.61158100,0.61907100,0.62845000,0.63412400
13.947370,0.58028400,0.60100100,0.61283200,0.62035500,0.62976200,0.63545500
13.984960,0.57790600,0.59885400,0.61074800,0.61829500,0.62774200,0.63345500
14.022560,0.57599400,0.59718500,0.60914300,0.61671200,0.62620300,0.63193600
14.060150,0.57471400,0.59614500,0.60817200,0.61577500,0.62530100,0.63104900
14.097740,0.57308700,0.59475500,0.60685800,0.61450600,0.62406300,0.62982000
14.135340,0.57117400,0.59309300,0.60527500,0.61296400,0.62255200,0.62832000
14.172930,0.56803900,0.59023300,0.60249400,0.61022400,0.61983600,0.62562200
14.210530,0.56452200,0.58700600,0.59935600,0.60712400,0.61676000,0.62255700
14.248120,0.56292000,0.58570800,0.59815100,0.60595000,0.61562300,0.62142200
14.285710,0.56363300,0.58673600,0.59926800,0.60709500,0.61680800,0.62261800
14.323310,0.56574000,0.58915500,0.60177600,0.60963900,0.61938300,0.62521200
14.360900,0.56820000,0.59191800,0.60462600,0.61253100,0.62230400,0.62815700
14.398490,0.56867200,0.59267000,0.60545900,0.61341300,0.62321900,0.62909200
14.436090,0.56557200,0.58977100,0.60264300,0.61064300,0.62049100,0.62637700
14.473680,0.55927400,0.58356900,0.59653500,0.60457800,0.61446200,0.62035900
14.511280,0.55178600,0.57614200,0.58921100,0.59729900,0.60721800,0.61312100
14.548870,0.54510200,0.56962400,0.58279100,0.59092200,0.60087800,0.60679200
14.586460,0.54015000,0.56498800,0.57825300,0.58642200,0.59641400,0.60234500
14.624060,0.53722000,0.56243200,0.57579700,0.58400400,0.59403000,0.59998500
14.661650,0.53621900,0.56172800,0.57519500,0.58344700,0.59350500,0.59948300
14.699250,0.53756600,0.56326100,0.57682900,0.58513000,0.59522100,0.60121900
14.736840,0.54072700,0.56658800,0.58025200,0.58860500,0.59873400,0.60474800
14.774440,0.54339900,0.56949700,0.58326200,0.59166000,0.60182900,0.60786400
14.812030,0.54282100,0.56923800,0.58311900,0.59155800,0.60176200,0.60782200
14.849620,0.53903700,0.56582600,0.57983600,0.58831700,0.59855900,0.60463500
14.887220,0.53522300,0.56239900,0.57653500,0.58506400,0.59535300,0.60143600
14.924810,0.53250700,0.56003100,0.57428600,0.58286600,0.59320500,0.59929400
14.962400,0.53010100,0.55793000,0.57230500,0.58093800,0.59131800,0.59742100
15.000000,0.52958700,0.55770600,0.57220300,0.58089000,0.59131100,0.59743000
15.037590,0.53111300,0.55953900,0.57416100,0.58290300,0.59336800,0.59950400
15.075190,0.53259000,0.56134200,0.57609300,0.58488800,0.59539800,0.60155400
15.112780,0.53218600,0.56124900,0.57613500,0.58497900,0.59553400,0.60171000
15.150370,0.52907100,0.55838100,0.57341000,0.58229900,0.59290200,0.59910200
15.187970,0.52568000,0.55512200,0.57029800,0.57923700,0.58988500,0.59611000
15.225560,0.52432200,0.55373600,0.56906900,0.57806800,0.58874900,0.59499400
15.263160,0.52476700,0.55408900,0.56958200,0.57864300,0.58935700,0.59561700
15.300750,0.52561100,0.55499100,0.57064600,0.57976900,0.59052600,0.59680200
15.338350,0.52536100,0.55500800,0.57082800,0.58001200,0.59082200,0.59711600
15.375940,0.52376500,0.55377000,0.56976000,0.57900400,0.58986900,0.59618400
15.413530,0.52207700,0.55246700,0.56863300,0.57793700,0.58885000,0.59518600
15.451130,0.52270500,0.55343000,0.56978600,0.57915000,0.59011000,0.59646300
15.488720,0.52694200,0.55786800,0.57442100,0.58384900,0.59485800,0.60122800
15.526320,0.53258300,0.56352800,0.58028800,0.58977600,0.60083800,0.60722700
15.563910,0.53705100,0.56785900,0.58484000,0.59438600,0.60549900,0.61190600
15.601500,0.54088200,0.57156000,0.58877600,0.59838400,0.60954800,0.61597100
15.639100,0.54491500,0.57573100,0.59319000,0.60286600,0.61407900,0.62052100
15.676690,0.54810600,0.57933600,0.59704400,0.60679500,0.61805300,0.62451900
15.714280,0.54923400,0.58093200,0.59890300,0.60872700,0.62003700,0.62652600
15.751880,0.54919900,0.58124100,0.59949600,0.60939100,0.62075800,0.62726800
15.789470,0.55060200,0.58284300,0.60140200,0.61137100,0.62279800,0.62932700
15.827070,0.55352200,0.58603900,0.60492400,0.61496800,0.62645600,0.63300400
15.864660,0.55543400,0.58849200,0.60771500,0.61783600,0.62937900,0.63594600
15.902260,0.55549400,0.58922100,0.60876500,0.61896500,0.63056100,0.63715000
15.939850,0.55523700,0.58961600,0.60943900,0.61972200,0.63136800,0.63798300
15.977440,0.55621800,0.59130600,0.61137900,0.62174600,0.63344100,0.64008700
16.015040,0.55859900,0.59447300,0.61477100,0.62522500,0.63697800,0.64364700
16.052630,0.56227400,0.59890900,0.61938300,0.62992300,0.64174000,0.64842800
16.090230,0.56628500,0.60366700,0.62425900,0.63488700,0.64676700,0.65347600
16.127820,0.56922900,0.60743700,0.62814100,0.63885700,0.65080400,0.65753200
16.165410,0.57089500,0.61007200,0.63096600,0.64177500,0.65378700,0.66053500
16.203010,0.57249800,0.61273300,0.63389300,0.64479900,0.65687300,0.66364800
16.240600,0.57500700,0.61625500,0.63768300,0.64868500,0.66082100,0.66762300
16.278190,0.57636800,0.61849500,0.64014100,0.65124200,0.66344100,0.67026800
16.315790,0.57490100,0.61781600,0.63961400,0.65082100,0.66308200,0.66993300
16.353380,0.57124200,0.61498000,0.63684400,0.64816100,0.66048100,0.66735800
16.390980,0.56591600,0.61055700,0.63238100,0.64381000,0.65619400,0.66309800
16.428570,0.56005700,0.60565300,0.62732600,0.63886700,0.65131900,0.65825200
16.466160,0.55633900,0.60284700,0.62427900,0.63593700,0.64846000,0.65541900
16.503760,0.55594000,0.60331600,0.62443300,0.63621400,0.64881500,0.65579300
16.541350,0.55732000,0.60556400,0.62631100,0.63822000,0.65089800,0.65789400
16.578950,0.55906700,0.60785600,0.62823600,0.64027500,0.65302700,0.66004600
16.616540,0.56067400,0.60953600,0.62967600,0.64185100,0.65467200,0.66172000
16.654130,0.56251300,0.61121000,0.63129500,0.64361200,0.65650400,0.66358300
16.691730,0.56491800,0.61350600,0.63361700,0.64608000,0.65905000,0.66615500
16.729320,0.56766700,0.61647000,0.63658800,0.64920200,0.66225500,0.66938500
16.766920,0.56984400,0.61906200,0.63920000,0.65197200,0.66510600,0.67226100
16.804510,0.57023800,0.61941400,0.63959100,0.65253100,0.66574400,0.67292700
16.842100,0.56828400,0.61657200,0.63686600,0.64997900,0.66327600,0.67048700
16.879700,0.56418200,0.61129600,0.63181300,0.64510700,0.65849000,0.66573000
16.917290,0.56086400,0.60732900,0.62810400,0.64158300,0.65505100,0.66232200
16.954890,0.56146400,0.60793900,0.62894700,0.64261600,0.65616800,0.66347000
16.992480,0.56573100,0.61259200,0.63384100,0.64770800,0.66134500,0.66867900
17.030080,0.57153100,0.61891900,0.64042800,0.65451200,0.66823600,0.67559900
17.067670,0.57735200,0.62529500,0.64703500,0.66135400,0.67517000,0.68256200
17.105260,0.58299200,0.63108600,0.65304200,0.66760100,0.68151600,0.68893500
17.142850,0.58813500,0.63556700,0.65774300,0.67255100,0.68656300,0.69401200
17.180450,0.59041300,0.63642400,0.65887800,0.67393700,0.68804800,0.69552800
17.218040,0.58745800,0.63182500,0.65471900,0.67001600,0.68422800,0.69173800
17.255640,0.58084500,0.62375600,0.64726800,0.66275900,0.67707300,0.68461500
17.293230,0.57445800,0.61616200,0.64038900,0.65601200,0.67043000,0.67800300
17.330830,0.56992200,0.61052600,0.63547500,0.65122900,0.66574900,0.67335700
17.368420,0.56584400,0.60532000,0.63088000,0.64684500,0.66146900,0.66911000
17.406010,0.56162100,0.59993400,0.62595100,0.64217900,0.65691200,0.66458700
17.443610,0.55778900,0.59489300,0.62132900,0.63783400,0.65268200,0.66039000
17.481200,0.55496800,0.59086400,0.61784500,0.63464100,0.64960700,0.65734800
17.518800,0.55330900,0.58780900,0.61553700,0.63254500,0.64763000,0.65540400
17.556390,0.55294800,0.58537000,0.61400400,0.63096900,0.64617400,0.65398500
17.593980,0.55447900,0.58415000,0.61384300,0.63046700,0.64579600,0.65364300
17.631580,0.55823600,0.58488400,0.61578200,0.63195500,0.64741000,0.65529500
17.669170,0.56385200,0.58748500,0.61962700,0.63542200,0.65100800,0.65893000
17.706770,0.57026500,0.59118600,0.62450800,0.63998200,0.65570300,0.66366100
17.744360,0.57627300,0.59533900,0.62972900,0.64491600,0.66077700,0.66877200
17.781950,0.58095000,0.59918100,0.63453800,0.64955300,0.66556000,0.67358900
17.819550,0.58430200,0.60201400,0.63835500,0.65334700,0.66950200,0.67756900
17.857140,0.58687900,0.60376700,0.64107800,0.65610300,0.67241300,0.68051800
17.894740,0.58934200,0.60496400,0.64307500,0.65808000,0.67454500,0.68269200
17.932330,0.59189700,0.60589400,0.64467600,0.65960800,0.67623700,0.68442400
17.969920,0.59442300,0.60668000,0.64609200,0.66095300,0.67775300,0.68598000
18.007520,0.59737200,0.60808400,0.64802200,0.66285700,0.67983800,0.68810500
18.045110,0.60067100,0.61035800,0.65057200,0.66548000,0.68264800,0.69095800
18.082710,0.60392700,0.61302800,0.65312000,0.66820600,0.68556900,0.69392500
18.120300,0.60762500,0.61598500,0.65561600,0.67092600,0.68849600,0.69689800
18.157890,0.61229500,0.61955000,0.65846100,0.67398600,0.69177600,0.70022100
18.195490,0.61749700,0.62364700,0.66146300,0.67720700,0.69523400,0.70371800
18.233080,0.62264100,0.62774900,0.66433100,0.68032900,0.69860100,0.70712700
18.270680,0.62762800,0.63140800,0.66700700,0.68327000,0.70178400,0.71035500
18.308270,0.63260500,0.63471700,0.66948700,0.68599100,0.70472400,0.71334000
18.345860,0.63756600,0.63777000,0.67154100,0.68825800,0.70718400,0.71584600
18.383460,0.64205300,0.64009600,0.67250200,0.68939900,0.70852800,0.71723700
18.421050,0.64544300,0.64111700,0.67186800,0.68898400,0.70832800,0.71708500
18.458640,0.64820000,0.64171600,0.67087000,0.68830200,0.70783700,0.71664100
18.496240,0.65135400,0.64340600,0.67141200,0.68919600,0.70887300,0.71772900
18.533830,0.65524400,0.64634900,0.67398100,0.69212100,0.71188000,0.72078700
18.571430,0.65945900,0.64960300,0.67740000,0.69590100,0.71573600,0.72469300
18.609020,0.66342900,0.65259100,0.68040800,0.69925000,0.71923800,0.72824600
18.646610,0.66721200,0.65576100,0.68311300,0.70228000,0.72247600,0.73153400
18.684210,0.67112000,0.65969200,0.68615800,0.70575200,0.72614000,0.73525300
18.721800,0.67521900,0.66410000,0.68935800,0.70956300,0.73009300,0.73925900
18.759400,0.67938000,0.66820100,0.69204900,0.71302500,0.73364700,0.74286300
18.796990,0.68339000,0.67134000,0.69384700,0.71569700,0.73644000,0.74570900
18.834590,0.68722000,0.67350400,0.69505700,0.71786200,0.73880000,0.74812300
18.872180,0.69102300,0.67530500,0.69616400,0.71999700,0.74113400,0.75051500
18.909770,0.69484700,0.67692700,0.69690200,0.72179000,0.74302700,0.75247100
18.947370,0.69864000,0.67811600,0.69674500,0.72266300,0.74387900,0.75338500
18.984960,0.70250000,0.67928400,0.69618300,0.72306100,0.74424600,0.75381300
19.022560,0.70664400,0.68123300,0.69629700,0.72401500,0.74521500,0.75484200
19.060150,0.71099700,0.68385600,0.69707000,0.72546700,0.74671000,0.75639700
19.097740,0.71528800,0.68684100,0.69840300,0.72734600,0.74867000,0.75842200
19.135340,0.71917200,0.68998200,0.70026700,0.72975300,0.75120700,0.76102200
19.172930,0.72262100,0.69298500,0.70208500,0.73224800,0.75384200,0.76372100
19.210530,0.72590800,0.69593300,0.70385200,0.73471600,0.75640100,0.76634700
19.248120,0.72902800,0.69896500,0.70587100,0.73728000,0.75900200,0.76901700
19.285710,0.73180300,0.70188000,0.70801300,0.73977400,0.76155400,0.77163900
19.323310,0.73415100,0.70454300,0.71003700,0.74181700,0.76375000,0.77390800
19.360900,0.73620300,0.70714000,0.71195900,0.74336000,0.76551400,0.77574600
19.398490,0.73783700,0.70940100,0.71371200,0.74438300,0.76678500,0.77709200
19.436090,0.73889600,0.71117300,0.71544300,0.74507100,0.76774700,0.77812800
19.473680,0.73976500,0.71277700,0.71732800,0.74575800,0.76868700,0.77914500
19.511280,0.74068700,0.71421800,0.71903900,0.74615100,0.76926100,0.77979800
19.548870,0.74164600,0.71521700,0.72018700,0.74554100,0.76878600,0.77940500
19.586470,0.74303100,0.71591500,0.72110500,0.74437900,0.76780700,0.77851100
19.624060,0.74473100,0.71650200,0.72215600,0.74371900,0.76745100,0.77824100
19.661650,0.74617400,0.71718300,0.72325100,0.74399300,0.76808500,0.77896300
19.699250,0.74769100,0.71836100,0.72419100,0.74471300,0.76916400,0.78013300
19.736840,0.74954900,0.71997900,0.72473500,0.74489400,0.76970900,0.78076800
19.774440,0.75149900,0.72170600,0.72507000,0.74430500,0.76944200,0.78059300
19.812030,0.75377600,0.72388600,0.72626000,0.74419100,0.76962200,0.78086900
19.849620,0.75674200,0.72670900,0.72858000,0.74516700,0.77094000,0.78228400
19.887220,0.75985400,0.72924400,0.73074200,0.74602400,0.77224000,0.78368400
19.924810,0.76222600,0.73063600,0.73156600,0.74574000,0.77252900,0.78407800
19.962400,0.76414100,0.73151900,0.73180700,0.74537100,0.77279600,0.78445400
20.000000,0.76552800,0.73215600,0.73180700,0.74527100,0.77328300,0.78505300
