E[1] [eV],Im(eps)_nk_6,Im(eps)_nk_8,Im(eps)_nk_10,Im(eps)_nk_12,Im(eps)_nk_14,Im(eps)_nk_16,Im(eps)_nk_18
5.000000,1.93250800,1.94486200,1.92916700,1.95079700,1.94938100,1.94270400,1.94563900
5.037593,2.13772100,2.08700700,2.09309800,2.11316100,2.11406700,2.09840000,2.11195700
5.075188,2.34353000,2.24743400,2.27108000,2.27432000,2.28411600,2.27649900,2.27831400
5.112782,2.54291400,2.41194000,2.44038700,2.44128300,2.44638900,2.46539500,2.45526100
5.150376,2.74413600,2.57564900,2.60018400,2.62972600,2.60899100,2.63782900,2.63764400
5.187970,2.92881200,2.71913900,2.76861700,2.81783500,2.78906200,2.78864700,2.80000900
5.225564,3.05970200,2.88099200,2.95167100,2.97434600,2.96604500,2.94264200,2.94624500
5.263157,3.14107500,3.10945800,3.14642500,3.10637100,3.12529300,3.11892700,3.11200500
5.300752,3.19993200,3.35326700,3.32763500,3.25947900,3.28003300,3.30341400,3.29621800
5.338346,3.22525400,3.49219600,3.45293700,3.41017100,3.41645100,3.42777900,3.42690400
5.375940,3.18376900,3.49436200,3.48871200,3.46463200,3.46082400,3.43549500,3.43971800
5.413534,3.13177400,3.40675600,3.41164300,3.37521100,3.37463500,3.35639500,3.35916900
5.451128,3.11306600,3.26751700,3.21477500,3.20726800,3.21957600,3.23119800,3.22512100
5.488721,3.10782900,3.06608000,2.95537400,3.03667200,3.04141100,3.04136600,3.04269600
5.526316,3.04693900,2.81098600,2.71656500,2.84348900,2.81231600,2.80768600,2.81883900
5.563910,2.82928800,2.55530200,2.55143700,2.59434600,2.56096600,2.57832200,2.57747300
5.601503,2.49396700,2.33021200,2.42476700,2.33847200,2.34910100,2.36523900,2.35545600
5.639097,2.16263600,2.13736200,2.24203300,2.14040200,2.17866600,2.16937500,2.16798600
5.676692,1.90090300,1.97426100,2.00603700,1.98791300,2.01382700,1.99707200,1.99902000
5.714285,1.73265300,1.82130100,1.80053900,1.85363900,1.84760900,1.84253000,1.84299200
5.751880,1.64582500,1.68372500,1.66732600,1.72714100,1.70507900,1.70555400,1.70921600
5.789474,1.61487900,1.59420300,1.59234700,1.61368000,1.59250700,1.59535400,1.59778300
5.827067,1.59451700,1.53826300,1.53377300,1.51156300,1.50016400,1.50889900,1.50605600
5.864661,1.53274800,1.46892900,1.45781600,1.42326300,1.42939000,1.43890100,1.43339400
5.902255,1.44576300,1.37738200,1.38526400,1.36717000,1.38442900,1.38067700,1.38008800
5.939849,1.35389200,1.30463700,1.34555500,1.33673900,1.34441700,1.33523400,1.34067300
5.977444,1.26366200,1.27566000,1.32603500,1.30513800,1.30788900,1.30327600,1.30662800
6.015037,1.21326300,1.28675600,1.29261800,1.27696800,1.28946400,1.28372900,1.28307200
6.052631,1.21463800,1.31335000,1.25860000,1.27930300,1.27989900,1.28142200,1.27974500
6.090225,1.23087800,1.33695200,1.26240600,1.30486200,1.28412800,1.29878300,1.29292000
6.127820,1.25410600,1.34912300,1.30373800,1.32761000,1.31761200,1.32134100,1.32055700
6.165413,1.31681200,1.35166000,1.35516000,1.35031600,1.36062400,1.34914800,1.35527100
6.203007,1.40942700,1.34510500,1.39666100,1.37852900,1.38901500,1.38348800,1.38617300
6.240601,1.48615900,1.35083600,1.42067900,1.40658800,1.40288200,1.41181000,1.40709700
6.278195,1.49573600,1.36825500,1.41647400,1.41558000,1.40470400,1.41556300,1.41219300
6.315789,1.41211100,1.35314100,1.36752100,1.38540800,1.38206800,1.38256900,1.38505800
6.353383,1.26770800,1.30177900,1.29858300,1.32999500,1.33181000,1.31728800,1.31740200
6.390977,1.13241200,1.24897300,1.24346000,1.26248500,1.25293300,1.23316800,1.23225300
6.428571,1.04595100,1.20461400,1.19954300,1.17721300,1.15567400,1.15193500,1.16070700
6.466165,1.00661300,1.16887800,1.15139900,1.08413200,1.07896200,1.09847600,1.10950900
6.503759,1.00486800,1.13798400,1.08587800,1.01560700,1.03931500,1.06959200,1.06519900
6.541353,1.02464500,1.10167900,1.02296600,0.98287700,1.02358300,1.04524100,1.02475400
6.578947,1.03105300,1.05155600,0.97419000,0.97668100,1.01912900,1.01289600,0.99392700
6.616541,1.03086800,1.00227000,0.93645500,0.98765800,1.01253400,0.97589800,0.97242900
6.654135,1.04356700,0.96247700,0.90662600,0.99575400,0.98764100,0.94379100,0.95781600
6.691729,1.06217700,0.92480000,0.88855300,0.98490600,0.94342000,0.92121300,0.94722900
6.729323,1.06418800,0.87905300,0.88856600,0.95744000,0.89832700,0.90586100,0.93217500
6.766917,1.02833700,0.82999200,0.89951800,0.91676900,0.86809600,0.89700200,0.90585100
6.804511,0.98024900,0.79639600,0.90377700,0.87850400,0.85355200,0.89289400,0.87431500
6.842104,0.94349200,0.77745000,0.90109200,0.85329500,0.84974400,0.88574800,0.85158700
6.879699,0.91501300,0.76689600,0.89797100,0.83515700,0.84639800,0.86567800,0.83908500
6.917293,0.86751500,0.77599500,0.88736800,0.81025300,0.83941700,0.83505300,0.82682600
6.954887,0.79907200,0.80126500,0.86197800,0.78330400,0.83313300,0.80643100,0.81284600
6.992481,0.74440000,0.81717700,0.82447300,0.76806700,0.82626000,0.78606900,0.80358100
7.030074,0.72035200,0.81624600,0.78494000,0.76298300,0.81071200,0.77085100,0.79690600
7.067669,0.70760600,0.80599600,0.74605700,0.75930300,0.77921700,0.75505000,0.78114200
7.105263,0.67956900,0.79488100,0.71129200,0.75583300,0.74188000,0.74008400,0.75027600
7.142857,0.64275600,0.77869600,0.68388700,0.74893600,0.70870200,0.72686600,0.71635300
7.180451,0.61776500,0.75407400,0.65943200,0.73572800,0.67858200,0.71202600,0.69104000
7.218045,0.60227900,0.72320400,0.63942900,0.71515600,0.65415000,0.69255600,0.67143800
7.255639,0.58950200,0.68304300,0.63356300,0.68236100,0.63999100,0.66802300,0.65302200
7.293232,0.58597700,0.64167400,0.64036300,0.64055200,0.63201300,0.64289700,0.63446100
7.330826,0.59909200,0.61104000,0.64831200,0.60532700,0.62537900,0.62243000,0.61985600
7.368421,0.62750900,0.59314300,0.64329500,0.58727100,0.62362500,0.60690100,0.61485900
7.406014,0.65419900,0.58513600,0.62927700,0.58616400,0.62766700,0.59624000,0.61822200
7.443608,0.65603700,0.58275200,0.61889200,0.59295400,0.63240400,0.59309300,0.62049900
7.481203,0.63605900,0.59439800,0.61889100,0.60338200,0.63395700,0.60342600,0.62170000
7.518797,0.61586000,0.62956600,0.63278700,0.62212100,0.63530500,0.63014000,0.62983000
7.556391,0.60739100,0.67751700,0.66053200,0.65456500,0.64641900,0.66700600,0.64967000
7.593984,0.61612400,0.71648500,0.69392900,0.69937500,0.67015700,0.70364700,0.67884300
7.631578,0.63845400,0.73955400,0.71541900,0.74263700,0.69913900,0.73219900,0.70786000
7.669173,0.67326100,0.74380100,0.71227700,0.75956900,0.71860400,0.74244300,0.72751000
7.706767,0.70840900,0.72531200,0.69162600,0.74016000,0.71728900,0.72752300,0.73025000
7.744360,0.73180400,0.70173600,0.67915100,0.71055700,0.70726600,0.70056700,0.71835000
7.781955,0.75130600,0.69005700,0.68949900,0.69320400,0.70621900,0.68290200,0.70602600
7.819549,0.75882100,0.68690800,0.70949800,0.68409200,0.70991800,0.67801400,0.69808000
7.857142,0.74136300,0.68167100,0.72522300,0.67483200,0.71008600,0.68123600,0.69156200
7.894736,0.72170500,0.68162800,0.73597600,0.67089000,0.71002400,0.69486100,0.69212700
7.932330,0.72929600,0.69094100,0.74080300,0.68867300,0.71766000,0.71836400,0.70541700
7.969924,0.76989300,0.70481000,0.74544600,0.73047800,0.73163500,0.74828800,0.73129900
8.007519,0.82436900,0.72675900,0.76250500,0.77656700,0.75246400,0.78378600,0.76438300
8.045113,0.86299200,0.76091500,0.79942200,0.81331400,0.78780300,0.81663000,0.80118500
8.082706,0.88747300,0.81579200,0.84443500,0.85426000,0.83510700,0.84504400,0.84590600
8.120299,0.91170100,0.88379100,0.89134400,0.90515100,0.88540600,0.88072200,0.89784500
8.157894,0.92879500,0.93856700,0.92862100,0.95344000,0.92941900,0.92200600,0.94367700
8.195488,0.93756900,0.98184100,0.93967700,0.98087100,0.95922400,0.95177400,0.96517900
8.233082,0.95061600,1.01635300,0.93790900,0.97868600,0.97182500,0.96196800,0.96315700
8.270677,0.96307800,1.02040900,0.93184700,0.95158100,0.97161100,0.95813900,0.95249800
8.308270,0.94615800,0.99378600,0.91436900,0.91914500,0.96053800,0.94300700,0.93638900
8.345864,0.91707200,0.95513400,0.89201000,0.90262900,0.93459500,0.92129200,0.91531700
8.383458,0.91770200,0.91732300,0.88586300,0.89725800,0.89850800,0.90425300,0.89708800
8.421052,0.93343800,0.88552200,0.89558300,0.88452700,0.86819100,0.89241000,0.88437800
8.458646,0.92131200,0.85738400,0.90350000,0.85720300,0.85448800,0.87690900,0.87224600
8.496240,0.88441200,0.83018300,0.90335400,0.83391000,0.85267800,0.85582400,0.86003400
8.533834,0.84613000,0.80468600,0.89181400,0.82767800,0.84854700,0.83556800,0.84944100
8.571428,0.81850700,0.79411000,0.86702200,0.83287300,0.83379400,0.82588900,0.83788400
8.609021,0.80543200,0.79890100,0.84113000,0.84425300,0.81578900,0.82246500,0.82395000
8.646616,0.78922500,0.80364400,0.81802100,0.85235100,0.80956300,0.81587000,0.81018900
8.684210,0.75128600,0.80168500,0.78134500,0.83748200,0.81413500,0.80716700,0.79909600
8.721804,0.70471600,0.79934300,0.73604700,0.79843600,0.80189400,0.79308600,0.78659800
8.759398,0.66384200,0.79349100,0.70367100,0.74964600,0.76315100,0.76482000,0.76170300
8.796992,0.64178200,0.77531900,0.69237600,0.70740100,0.72015800,0.72842900,0.72852700
8.834586,0.64260700,0.73320000,0.69205200,0.67539500,0.68729300,0.69063200,0.69593700
8.872180,0.64432100,0.67167800,0.68679900,0.64720800,0.65980100,0.65205600,0.66167000
8.909773,0.62441300,0.60980500,0.66287400,0.61993500,0.63043400,0.61918400,0.62517300
8.947368,0.59693900,0.56503200,0.62449500,0.59422000,0.60034500,0.59530600,0.59286900
8.984962,0.58162500,0.53838700,0.58521800,0.57252200,0.57326200,0.57682800,0.56899800
9.022555,0.58038100,0.52419700,0.55667400,0.55863700,0.55313900,0.56105200,0.55508400
9.060150,0.58461900,0.52383600,0.54214400,0.55451900,0.54065600,0.54912500,0.54770000
9.097744,0.58190200,0.53560500,0.53645100,0.55218200,0.53452100,0.54220100,0.54278300
9.135338,0.57460000,0.54863400,0.53258000,0.54640800,0.53649200,0.53954700,0.54118500
9.172933,0.57536900,0.55482400,0.52854200,0.54248700,0.54441600,0.54066200,0.54298000
9.210526,0.58394100,0.55603100,0.53070200,0.54407000,0.55324900,0.54489500,0.54705200
9.248120,0.59122700,0.56060600,0.54281600,0.55308700,0.56144600,0.55398900,0.55567300
9.285713,0.59732900,0.57357600,0.56349300,0.57012100,0.57257100,0.56868700,0.57113900
9.323307,0.60891300,0.59662700,0.59333100,0.59220600,0.59155700,0.59048600,0.59185000
9.360902,0.62398800,0.62749200,0.63164800,0.61590100,0.61738100,0.62030700,0.61722300
9.398496,0.63832800,0.65693500,0.67046200,0.64330300,0.64562400,0.65197000,0.64716100
9.436090,0.65376800,0.68158200,0.69517500,0.67440300,0.67552900,0.68028400,0.67686100
9.473684,0.67294400,0.70308400,0.70341700,0.69944900,0.70156200,0.70148100,0.70132300
9.511277,0.69429600,0.71317600,0.70551800,0.71188000,0.71434800,0.71093800,0.71408000
9.548872,0.70740000,0.70775100,0.70357800,0.71259100,0.71138600,0.70850700,0.71215400
9.586466,0.70227800,0.69347500,0.69588000,0.70366400,0.69790700,0.69850300,0.70012400
9.624060,0.67722200,0.67857900,0.68095200,0.68567500,0.68065300,0.68326200,0.68213400
9.661654,0.64789000,0.66360100,0.66350100,0.66478900,0.66193000,0.66396900,0.66168100
9.699247,0.63083200,0.64525500,0.64731000,0.64728900,0.64536800,0.64569300,0.64465300
9.736841,0.62519400,0.63033700,0.63250100,0.63460700,0.63538700,0.63314100,0.63368600
9.774436,0.62474100,0.62625300,0.62106500,0.62728500,0.62963800,0.62640900,0.62702300
9.812029,0.62945800,0.62835400,0.61941000,0.62514700,0.62633100,0.62550200,0.62560500
9.849624,0.64209700,0.63367000,0.62959700,0.63004400,0.63112100,0.63251100,0.63257600
9.887218,0.66261600,0.64808800,0.64815700,0.64571100,0.64721000,0.64850700,0.64852000
9.924811,0.68698500,0.67190400,0.67141100,0.66823000,0.67041400,0.67000300,0.67064000
9.962406,0.71460400,0.69247600,0.69210200,0.69024400,0.69129600,0.68988600,0.69102500
9.999999,0.72605300,0.69796200,0.70289700,0.70130800,0.70008900,0.70011700,0.69979200
10.037590,0.70685100,0.69179500,0.70561000,0.69796500,0.69648600,0.69924200,0.69662900
10.075190,0.68037000,0.68722500,0.70304000,0.68981900,0.69191800,0.69488100,0.69283700
10.112780,0.66612500,0.68682400,0.69498500,0.68776100,0.69369000,0.69312300,0.69277500
10.150380,0.66583500,0.68668100,0.68747000,0.69365900,0.69679000,0.69215700,0.69386100
10.187970,0.67769700,0.69029600,0.68582900,0.70077800,0.69407200,0.69074100,0.69490500
10.225560,0.69163000,0.69909800,0.68890100,0.70265500,0.69087900,0.69235200,0.69557100
10.263160,0.69759400,0.70952700,0.69483100,0.70192200,0.69541700,0.69901000,0.69745600
10.300750,0.69803100,0.71738500,0.70647800,0.70466500,0.70542100,0.70822000,0.70289500
10.338350,0.69549300,0.72063000,0.72182800,0.70944800,0.71572400,0.71627600,0.71299900
10.375940,0.69210500,0.72504500,0.73162900,0.71640700,0.72558000,0.72401000,0.72575400
10.413530,0.69748000,0.73285000,0.73324100,0.72696900,0.73487500,0.73219200,0.73521500
10.451130,0.72273800,0.73678600,0.73302200,0.73708100,0.74101900,0.73778700,0.73980400
10.488720,0.76306800,0.74038900,0.73859900,0.74650100,0.74342600,0.74205600,0.74243100
10.526310,0.79689100,0.75382700,0.74954700,0.75671100,0.74738000,0.74934700,0.74787600
10.563910,0.81440300,0.77319200,0.76041600,0.76689900,0.75671000,0.76085700,0.75780200
10.601500,0.81806800,0.78510600,0.76932500,0.77645400,0.77141200,0.77434200,0.77306800
10.639100,0.80984100,0.78628300,0.78141500,0.78433300,0.78691400,0.78659400,0.78989700
10.676690,0.79281000,0.78097100,0.79598200,0.78940700,0.79642900,0.79449000,0.79681600
10.714280,0.77632900,0.77225500,0.80241500,0.79010800,0.79674200,0.79511700,0.79327700
10.751880,0.77496400,0.76777500,0.79803700,0.78931400,0.79221200,0.79008200,0.78984000
10.789470,0.78936100,0.77717400,0.79305800,0.78951600,0.79030200,0.78753400,0.78947500
10.827070,0.80869800,0.79846300,0.79780300,0.79452700,0.79428300,0.79554200,0.79442700
10.864660,0.82651500,0.82141500,0.81018900,0.80998700,0.80719000,0.81282100,0.80990600
10.902250,0.84302300,0.84275500,0.82753000,0.83453200,0.83043300,0.83390000,0.83277800
10.939850,0.86029000,0.86684900,0.85169400,0.86158700,0.86014600,0.85959400,0.85907100
10.977440,0.88827700,0.88885300,0.88186000,0.88709900,0.88944300,0.88670500,0.88827800
11.015040,0.91882900,0.90770400,0.91089800,0.91144200,0.91454700,0.90925400,0.91402400
11.052630,0.93373700,0.92688000,0.92878700,0.92905900,0.93012700,0.92554900,0.92914200
11.090220,0.92092000,0.93267200,0.92709900,0.93117400,0.92842800,0.92913800,0.92807900
11.127820,0.87772700,0.91481300,0.91025700,0.91606400,0.90944400,0.91477100,0.91005300
11.165410,0.83426700,0.88611300,0.88883700,0.89043600,0.88337800,0.88810800,0.88348300
11.203010,0.81517200,0.86386700,0.86594300,0.86043600,0.85896300,0.86162700,0.86071000
11.240600,0.81886500,0.84970100,0.84265800,0.83429200,0.84071900,0.84067900,0.84272500
11.278190,0.83694800,0.83429500,0.82332800,0.81864400,0.82704000,0.82373600,0.82536500
11.315790,0.84990900,0.81441800,0.81082400,0.80954500,0.81371400,0.80960900,0.81102200
11.353380,0.83588100,0.79421800,0.80243600,0.79971500,0.80007100,0.79890700,0.80106400
11.390980,0.80589000,0.77582400,0.79603400,0.78876700,0.78857700,0.79091700,0.79206600
11.428570,0.78710900,0.76354600,0.79175700,0.78151900,0.78282400,0.78430400,0.78315200
11.466160,0.78446200,0.76083700,0.78706200,0.78115800,0.78213600,0.77916500,0.77821600
11.503760,0.78377300,0.76786900,0.77911100,0.78445800,0.78169400,0.77715800,0.77696700
11.541350,0.77413400,0.78255700,0.77177800,0.78594900,0.77853000,0.77816300,0.77733600
11.578950,0.75392500,0.79876900,0.77303900,0.78387400,0.77685600,0.78224700,0.78086700
11.616540,0.72917800,0.80842300,0.77928700,0.78191800,0.77869900,0.78740400,0.78530600
11.654130,0.71304200,0.81008100,0.78199700,0.78135600,0.78321500,0.78980900,0.78769200
11.691730,0.71420400,0.80464000,0.78024200,0.78091500,0.78835500,0.78721300,0.78598200
11.729320,0.72612000,0.79319000,0.77648600,0.77719900,0.78903100,0.78009900,0.78086400
11.766920,0.74239600,0.77558300,0.77344300,0.77026400,0.78078800,0.76919600,0.77428300
11.804510,0.76568100,0.75884300,0.76754500,0.76611300,0.76707800,0.75866100,0.76636900
11.842100,0.79237400,0.75040200,0.75716200,0.76483200,0.75573400,0.75421700,0.75844900
11.879700,0.81566800,0.74618500,0.75125100,0.76194500,0.74958600,0.75500100,0.75434000
11.917290,0.82928900,0.74247400,0.75188200,0.75840800,0.74857300,0.75805500,0.75464800
11.954890,0.83107700,0.74522000,0.75909300,0.75975800,0.75395800,0.76377300,0.75841700
11.992480,0.82875100,0.75927600,0.77465800,0.76924700,0.76568000,0.77463200,0.76667600
12.030070,0.83113900,0.77719300,0.79399600,0.78310300,0.78337000,0.78895500,0.78074600
12.067670,0.84204800,0.79229200,0.81157400,0.79723900,0.80363400,0.80210000,0.79797300
12.105260,0.85480000,0.80551900,0.81876000,0.80794900,0.81830700,0.80831900,0.81174100
12.142860,0.85754600,0.81195600,0.80965500,0.80968100,0.82026200,0.80469800,0.81672600
12.180450,0.84689200,0.80415800,0.79323900,0.80315800,0.80943500,0.79522400,0.81165200
12.218040,0.82664600,0.78823000,0.78590600,0.79522400,0.79445000,0.79013700,0.80032600
12.255640,0.79946900,0.77555100,0.79148400,0.78847800,0.78336200,0.79213200,0.78692700
12.293230,0.77339500,0.77008000,0.79830700,0.78160800,0.77673300,0.79005800,0.77550400
12.330830,0.75252400,0.76821900,0.79486100,0.77034300,0.77120200,0.77780800,0.76765400
12.368420,0.73014000,0.76690700,0.77852800,0.75562800,0.76380500,0.76363900,0.76117600
12.406010,0.70726700,0.76326900,0.75342300,0.74577400,0.75415600,0.75302100,0.75305000
12.443610,0.69678000,0.75742400,0.73003900,0.74434000,0.74339200,0.74430000,0.74367500
12.481200,0.70282100,0.75023700,0.71200900,0.74617600,0.73278300,0.73574900,0.73640200
12.518800,0.71530300,0.74299400,0.70087100,0.74380900,0.72607300,0.72716100,0.73222300
12.556390,0.71684700,0.73710000,0.69869900,0.73377700,0.72401700,0.71956800,0.72795500
12.593980,0.69798400,0.73370600,0.70103300,0.72105500,0.71978700,0.71443100,0.71942800
12.631580,0.66786700,0.72954700,0.70264800,0.70842600,0.71106700,0.70947500,0.70801600
12.669170,0.63951700,0.71929500,0.70263100,0.69445900,0.70124400,0.70123500,0.69818800
12.706770,0.62032200,0.70393300,0.70467300,0.68214300,0.69388600,0.69269900,0.69087900
12.744360,0.61846000,0.68898300,0.70961600,0.67680400,0.69016200,0.68819400,0.68557000
12.781950,0.63498900,0.67586400,0.71109700,0.68016100,0.68716200,0.68770200,0.68313000
12.819550,0.65782900,0.66254400,0.70698700,0.68624200,0.68231900,0.68819300,0.68330600
12.857140,0.68139600,0.65334800,0.69942600,0.68875600,0.67754800,0.68570900,0.68362100
12.894740,0.70674900,0.65360700,0.68607700,0.68728800,0.67585000,0.67928000,0.68159800
12.932330,0.72046700,0.65989500,0.66809500,0.68131500,0.67455200,0.67121300,0.67673200
12.969920,0.71077000,0.66714900,0.65499400,0.67081100,0.67091800,0.66420400,0.67051800
13.007520,0.68770000,0.67204200,0.65046800,0.65889600,0.66557300,0.65786200,0.66232700
13.045110,0.66545100,0.66801600,0.64816900,0.64710200,0.65541800,0.65021000,0.65101800
13.082710,0.64997600,0.64945600,0.64192500,0.63534800,0.63967600,0.63976600,0.63799300
13.120300,0.63696100,0.62483800,0.62945100,0.62295100,0.62434500,0.62889400,0.62645700
13.157890,0.62603500,0.60741600,0.61217300,0.61207400,0.61575600,0.62101300,0.61921600
13.195490,0.62410300,0.60078800,0.59750600,0.60774500,0.61379700,0.61698600,0.61416000
13.233080,0.62911800,0.60393600,0.59338000,0.60994600,0.61324900,0.61431700,0.60906800
13.270670,0.63312600,0.61209600,0.59857400,0.61332200,0.61011900,0.61046400,0.60574200
13.308270,0.62923500,0.61826200,0.60708200,0.61268700,0.60464000,0.60628200,0.60502600
13.345860,0.62070000,0.61795300,0.61458800,0.60847100,0.60100700,0.60297400,0.60529800
13.383460,0.61724300,0.60845400,0.61698500,0.60452000,0.60006400,0.59879300,0.60414600
13.421050,0.61741200,0.59279400,0.61328300,0.60195200,0.59850000,0.59417700,0.60158600
13.458640,0.61591400,0.58045100,0.60329700,0.59870300,0.59393700,0.59132400,0.59768900
13.496240,0.60853300,0.57549800,0.58985700,0.59160200,0.58669300,0.58774500,0.58922200
13.533830,0.59636400,0.57255500,0.57858800,0.58196200,0.57870500,0.58144300,0.57747600
13.571430,0.58560600,0.56810200,0.56932200,0.57154300,0.57199000,0.57276400,0.56696000
13.609020,0.58007500,0.56404100,0.55975100,0.56230900,0.56688800,0.56437700,0.55904900
13.646620,0.57142900,0.55955400,0.55097300,0.55324800,0.56166800,0.55724600,0.55357800
13.684210,0.55353700,0.55354100,0.54244100,0.54321300,0.55413700,0.54944500,0.54969100
13.721800,0.53530300,0.54410500,0.53391100,0.53454500,0.54315300,0.54029700,0.54447400
13.759400,0.52313500,0.53175700,0.52727000,0.52737100,0.53010800,0.53116000,0.53537400
13.796990,0.51331600,0.52258500,0.52332700,0.52008400,0.51880500,0.52384800,0.52502300
13.834590,0.50337800,0.51718400,0.52090600,0.51386200,0.51181400,0.51845600,0.51790400
13.872180,0.49485400,0.51491700,0.51853900,0.51206500,0.50913000,0.51485800,0.51359000
13.909770,0.49052500,0.51570700,0.51490000,0.51388100,0.51038700,0.51254800,0.51018800
13.947370,0.48994900,0.51768800,0.51162300,0.51510200,0.51319900,0.51172800,0.50894400
13.984960,0.49100200,0.51907000,0.50934500,0.51405100,0.51345200,0.51195300,0.51075200
14.022560,0.49180100,0.51824300,0.50864700,0.51214900,0.51133900,0.51049900,0.51186900
14.060150,0.48937600,0.51576000,0.50964200,0.51072400,0.50926900,0.50661900,0.51029900
14.097740,0.48577700,0.51602900,0.51122200,0.51037900,0.50716100,0.50263500,0.50698700
14.135340,0.48144900,0.51521500,0.51286400,0.50881300,0.50509600,0.50022800,0.50275900
14.172930,0.47855500,0.50729900,0.51005300,0.50489600,0.50266100,0.49927200,0.49947600
14.210530,0.48074000,0.49733100,0.50041300,0.49864200,0.49811000,0.49861200,0.49752200
14.248120,0.48954400,0.48970500,0.48921500,0.49149200,0.49200000,0.49641200,0.49447700
14.285710,0.50124100,0.48299900,0.47980000,0.48522600,0.48645000,0.49240700,0.48868800
14.323310,0.50750800,0.47615500,0.47290700,0.48051900,0.48263300,0.48740100,0.48247100
14.360900,0.50743900,0.47142300,0.47166200,0.47906700,0.48151100,0.48305600,0.47932200
14.398490,0.50311100,0.47261100,0.47627600,0.48049200,0.48316700,0.48189200,0.48073100
14.436090,0.49550500,0.47990500,0.48410700,0.48175400,0.48549200,0.48272200,0.48488000
14.473680,0.48768200,0.48599800,0.49124000,0.48233000,0.48592200,0.48275300,0.48733500
14.511280,0.47944900,0.48531900,0.49294100,0.48313600,0.48291700,0.48008600,0.48479300
14.548870,0.46958700,0.47998800,0.48696800,0.48148000,0.47693900,0.47461400,0.47819700
14.586460,0.45913700,0.47306500,0.47458100,0.47381700,0.46916400,0.46857300,0.46983700
14.624060,0.44944900,0.46433700,0.46098300,0.46178200,0.46074700,0.46251400,0.46128900
14.661650,0.43979900,0.45267000,0.45043700,0.44934600,0.45226300,0.45492500,0.45326800
14.699250,0.42912000,0.43869100,0.44223400,0.43917200,0.44440300,0.44613900,0.44541500
14.736840,0.42204900,0.42642600,0.43586600,0.43509800,0.43887600,0.43949000,0.43940800
14.774440,0.42197300,0.41916200,0.43228300,0.43754900,0.43671400,0.43661300,0.43656400
14.812030,0.42601900,0.41889300,0.43094600,0.44067000,0.43644100,0.43566700,0.43461500
14.849620,0.43111800,0.42426800,0.42919200,0.43946400,0.43455000,0.43536600,0.43174400
14.887220,0.43272800,0.42904100,0.42452900,0.43373100,0.42990400,0.43342100,0.42771800
14.924810,0.42616500,0.42737000,0.41911800,0.42493200,0.42449900,0.42648200,0.42285100
14.962400,0.41542300,0.41890500,0.41463200,0.41640500,0.41820300,0.41612800,0.41705300
15.000000,0.40848900,0.40952000,0.41095600,0.40995300,0.41091800,0.40710800,0.41117500
15.037590,0.40877300,0.40445500,0.41062300,0.40479700,0.40507600,0.40102400,0.40620700
15.075190,0.41354400,0.40320600,0.41354100,0.40074100,0.40158900,0.39801200,0.40339200
15.112780,0.41975200,0.40491700,0.41465300,0.39865200,0.39970100,0.39816700,0.40217100
15.150370,0.42521100,0.40740500,0.41057700,0.39758300,0.39691000,0.39870300,0.39996300
15.187970,0.42600800,0.40699400,0.40196800,0.39468600,0.39119500,0.39602100,0.39475300
15.225560,0.41924000,0.40192200,0.38975600,0.38782600,0.38401900,0.38934000,0.38656400
15.263160,0.40613900,0.39348800,0.37465100,0.37796200,0.37721200,0.38024800,0.37727700
15.300750,0.38904500,0.38522100,0.36008400,0.36777500,0.37170300,0.37171600,0.36830300
15.338350,0.37267300,0.37693100,0.35073800,0.35965400,0.36699200,0.36449400,0.36059600
15.375940,0.36155200,0.36618700,0.34656600,0.35431700,0.36154700,0.35723500,0.35494100
15.413530,0.35386300,0.35464100,0.34478900,0.34977000,0.35398600,0.35040600,0.35066200
15.451130,0.34728200,0.34431200,0.34301900,0.34441100,0.34450700,0.34469100,0.34603900
15.488720,0.34159500,0.33551500,0.33996400,0.33938800,0.33583700,0.33842100,0.34022800
15.526320,0.33352300,0.32846200,0.33616900,0.33401700,0.33029800,0.33162500,0.33385300
15.563910,0.32520600,0.32319700,0.33126500,0.32860300,0.32658700,0.32598700,0.32838700
15.601500,0.32307100,0.31928200,0.32528600,0.32537300,0.32279400,0.32208700,0.32429400
15.639100,0.32506000,0.31552400,0.31953500,0.32462200,0.31966800,0.31991600,0.32149200
15.676690,0.32387300,0.31049300,0.31499900,0.32403300,0.31809100,0.31868100,0.31924200
15.714280,0.31659600,0.30371000,0.31203500,0.32137100,0.31700500,0.31724200,0.31618800
15.751880,0.30469700,0.29707800,0.31049200,0.31547200,0.31420700,0.31499100,0.31225300
15.789470,0.29260100,0.29354900,0.30983900,0.30728500,0.30991600,0.31165000,0.30838000
15.827070,0.28709100,0.29416200,0.30881600,0.30110100,0.30666800,0.30757100,0.30550900
15.864660,0.29021600,0.29771300,0.30612500,0.29923600,0.30516300,0.30379000,0.30351100
15.902260,0.29512400,0.30090500,0.30345100,0.29865300,0.30341400,0.30083900,0.30150900
15.939850,0.29414200,0.30141500,0.30259500,0.29601200,0.30002300,0.29780400,0.29906700
15.977440,0.28889800,0.30113100,0.30147000,0.29303900,0.29559400,0.29416500,0.29589200
16.015040,0.28393500,0.30165900,0.29864500,0.29188500,0.29136400,0.29097500,0.29293900
16.052630,0.27851200,0.29971300,0.29471900,0.29129600,0.28814800,0.28904300,0.29073500
16.090230,0.27412900,0.29353700,0.29019900,0.29066000,0.28674600,0.28805900,0.28885000
16.127820,0.27334100,0.28794700,0.28634600,0.29051000,0.28660700,0.28797400,0.28750100
16.165410,0.27437700,0.28647300,0.28532500,0.29047600,0.28655100,0.28872700,0.28646600
16.203010,0.27500700,0.28783900,0.28675400,0.28944900,0.28609100,0.28979700,0.28591300
16.240600,0.27615500,0.29014900,0.28853900,0.28811500,0.28684600,0.29034000,0.28717700
16.278190,0.27961100,0.29191800,0.28837500,0.28813000,0.29000100,0.29009100,0.29022000
16.315790,0.28433500,0.29264100,0.28633200,0.28948800,0.29353800,0.28964300,0.29297400
16.353380,0.28823400,0.29320100,0.28505400,0.29163200,0.29586300,0.29028200,0.29394000
16.390980,0.28899500,0.29306500,0.28536400,0.29275800,0.29625500,0.29141200,0.29312300
16.428570,0.28734400,0.29299800,0.28619700,0.29132900,0.29350600,0.29107700,0.29098100
16.466160,0.28435300,0.29226800,0.28765500,0.28817100,0.28778800,0.28871300,0.28785800
16.503760,0.28029800,0.28791100,0.28935500,0.28392900,0.28172500,0.28492300,0.28370200
16.541350,0.27691000,0.28100500,0.28822400,0.27910500,0.27724900,0.28061800,0.27898000
16.578950,0.27710700,0.27522000,0.28263400,0.27481900,0.27418100,0.27669200,0.27494500
16.616540,0.28287600,0.27166500,0.27429800,0.27211200,0.27151200,0.27302300,0.27245900
16.654130,0.29005300,0.26825500,0.26621600,0.27077200,0.26862900,0.26907300,0.27063200
16.691730,0.28911900,0.26360200,0.26091100,0.26875300,0.26608000,0.26542300,0.26794800
16.729320,0.27987400,0.25988900,0.25933900,0.26543000,0.26457400,0.26327900,0.26453600
16.766920,0.27329000,0.26087900,0.26053600,0.26378300,0.26507100,0.26338700,0.26282300
16.804510,0.27444500,0.26596400,0.26380800,0.26486300,0.26694400,0.26533100,0.26387200
16.842100,0.27828100,0.26967000,0.26774800,0.26625500,0.26827200,0.26677600,0.26568000
16.879700,0.27821600,0.26806800,0.26867200,0.26514100,0.26625200,0.26534300,0.26536800
16.917290,0.27158100,0.26198800,0.26476800,0.26030400,0.25960700,0.26040500,0.26080600
16.954890,0.25966600,0.25269600,0.25773500,0.25324500,0.25105700,0.25339100,0.25311400
16.992480,0.24711200,0.24190500,0.24957500,0.24623800,0.24429900,0.24628300,0.24595800
17.030080,0.23706400,0.23432800,0.24235400,0.24061800,0.24074300,0.24122800,0.24170900
17.067670,0.23263900,0.23495000,0.23886800,0.23843800,0.24007500,0.24003500,0.24073900
17.105260,0.23689800,0.24287900,0.24028100,0.24092400,0.24185800,0.24241500,0.24255300
17.142850,0.24767200,0.25213300,0.24570600,0.24673100,0.24647100,0.24685700,0.24700700
17.180450,0.25758700,0.25866700,0.25271700,0.25311900,0.25366900,0.25221400,0.25286500
17.218040,0.26297500,0.26268300,0.25868600,0.25844200,0.26036000,0.25780000,0.25787300
17.255640,0.26595200,0.26388100,0.26137700,0.26111700,0.26298000,0.26166900,0.26058600
17.293230,0.26655300,0.26131900,0.26070600,0.26091600,0.26145200,0.26207700,0.26099200
17.330830,0.26120800,0.25766600,0.25871600,0.25915800,0.25862900,0.25952200,0.25937700
17.368420,0.25146400,0.25475100,0.25575600,0.25610500,0.25576900,0.25564900,0.25661600
17.406010,0.24271700,0.25075800,0.25249300,0.25168500,0.25194000,0.25120000,0.25289900
17.443610,0.23811800,0.24424300,0.24788200,0.24682700,0.24655800,0.24594700,0.24732000
17.481200,0.23546000,0.23730700,0.23996800,0.24155400,0.23993300,0.24010500,0.24012500
17.518800,0.23109800,0.23109100,0.23082900,0.23508900,0.23282100,0.23363500,0.23257400
17.556390,0.22496900,0.22447800,0.22258400,0.22717800,0.22516000,0.22602800,0.22478200
17.593980,0.21772500,0.21693800,0.21465800,0.21759900,0.21663200,0.21732400,0.21652500
17.631580,0.21039000,0.20928600,0.20664200,0.20778800,0.20802200,0.20837700,0.20834300
17.669170,0.20337000,0.20217700,0.19962000,0.19957000,0.20047900,0.19998600,0.20088200
17.706770,0.19677500,0.19639700,0.19434300,0.19338400,0.19457100,0.19336200,0.19457600
17.744360,0.19210000,0.19247100,0.19104600,0.18965500,0.19035000,0.18952200,0.18990700
17.781950,0.19038200,0.18962100,0.18939100,0.18791500,0.18772300,0.18791400,0.18733700
17.819550,0.19029600,0.18731400,0.18821000,0.18662700,0.18609200,0.18714100,0.18634600
17.857140,0.18871800,0.18555600,0.18645000,0.18515300,0.18472600,0.18603100,0.18556600
17.894740,0.18527200,0.18408500,0.18370000,0.18375500,0.18308500,0.18418100,0.18412500
17.932330,0.18055600,0.18176900,0.18050100,0.18193400,0.18110600,0.18149000,0.18178800
17.969920,0.17417700,0.17727300,0.17755900,0.17906800,0.17853700,0.17800400,0.17828400
18.007520,0.16776000,0.17134400,0.17526500,0.17545600,0.17546500,0.17442200,0.17439600
18.045110,0.16398400,0.16595700,0.17327900,0.17139200,0.17267000,0.17127500,0.17152800
18.082710,0.16272800,0.16292500,0.17134000,0.16741000,0.17032900,0.16903600,0.16949200
18.120300,0.16268500,0.16231400,0.16982500,0.16433500,0.16797000,0.16759800,0.16752900
18.157890,0.16280400,0.16252100,0.16777200,0.16259700,0.16574200,0.16617000,0.16572400
18.195490,0.16280400,0.16275400,0.16476600,0.16241600,0.16401600,0.16455600,0.16424600
18.233080,0.16375400,0.16370600,0.16273100,0.16389700,0.16274200,0.16320800,0.16309000
18.270680,0.16547900,0.16528200,0.16225700,0.16617200,0.16179800,0.16227800,0.16234600
18.308270,0.16602700,0.16640700,0.16195900,0.16726000,0.16123500,0.16171300,0.16214900
18.345860,0.16426000,0.16687300,0.16083900,0.16602400,0.16121100,0.16167100,0.16239900
18.383460,0.16042600,0.16673700,0.15977300,0.16320700,0.16161200,0.16187400,0.16232000
18.421050,0.15520500,0.16531900,0.15897400,0.15980200,0.16123900,0.16106000,0.16059100
18.458640,0.15007700,0.16196100,0.15744900,0.15599000,0.15874400,0.15848000,0.15708400
18.496240,0.14691900,0.15701500,0.15465800,0.15206100,0.15466300,0.15498400,0.15335100
18.533830,0.14720600,0.15198400,0.15120000,0.14875400,0.15081600,0.15133900,0.15051600
18.571430,0.15064100,0.14845700,0.14777400,0.14678500,0.14839400,0.14796400,0.14849500
18.609020,0.15398500,0.14695300,0.14430100,0.14579800,0.14693100,0.14543600,0.14698000
18.646610,0.15419500,0.14641000,0.14198100,0.14527000,0.14551100,0.14382700,0.14583000
18.684210,0.15195800,0.14549700,0.14226700,0.14502700,0.14425200,0.14316100,0.14482800
18.721800,0.14957800,0.14446000,0.14448300,0.14479800,0.14378800,0.14352300,0.14412300
18.759400,0.14809300,0.14378200,0.14691300,0.14497000,0.14411600,0.14470600,0.14434900
18.796990,0.14674700,0.14358600,0.14821800,0.14587800,0.14470700,0.14644600,0.14527100
18.834590,0.14570700,0.14365500,0.14829600,0.14693500,0.14495900,0.14790800,0.14588200
18.872180,0.14521400,0.14349800,0.14745300,0.14711800,0.14505800,0.14782900,0.14579400
18.909770,0.14476700,0.14329300,0.14534400,0.14595900,0.14535300,0.14610200,0.14528400
18.947370,0.14406900,0.14314700,0.14231300,0.14377600,0.14538800,0.14386700,0.14439200
18.984960,0.14283900,0.14302200,0.13939800,0.14154500,0.14426200,0.14210100,0.14305500
19.022560,0.14135800,0.14173600,0.13698800,0.14028500,0.14224700,0.14066200,0.14149000
19.060150,0.13917600,0.13891500,0.13503600,0.13963500,0.14010700,0.13892200,0.13965700
19.097740,0.13517200,0.13574700,0.13425100,0.13840600,0.13793100,0.13696800,0.13755400
19.135340,0.13006200,0.13306200,0.13506200,0.13655900,0.13615600,0.13544000,0.13561300
19.172930,0.12666200,0.13122600,0.13653300,0.13483200,0.13482400,0.13463500,0.13403900
19.210530,0.12629000,0.13007900,0.13743100,0.13331800,0.13349400,0.13408300,0.13293100
19.248120,0.12693200,0.12948700,0.13703300,0.13179800,0.13225900,0.13347300,0.13240100
19.285710,0.12655600,0.12933000,0.13556800,0.13066200,0.13139100,0.13274700,0.13203300
19.323310,0.12677100,0.12966600,0.13379800,0.13055900,0.13080300,0.13182400,0.13156700
19.360900,0.12920600,0.13129700,0.13216900,0.13152400,0.13039700,0.13120500,0.13128000
19.398490,0.13185700,0.13357100,0.13119000,0.13250900,0.13010500,0.13109100,0.13120800
19.436090,0.13218700,0.13486000,0.13109400,0.13233000,0.12979200,0.13099000,0.13102300
19.473680,0.13093300,0.13398400,0.13133700,0.13119100,0.12968400,0.13046800,0.13042800
19.511280,0.12954200,0.13206900,0.13123600,0.13015900,0.13005900,0.13005700,0.12968000
19.548870,0.12851900,0.13104700,0.13085800,0.12950000,0.13053100,0.12995900,0.12951200
19.586470,0.12909400,0.13127100,0.13042300,0.12960100,0.13068700,0.12991700,0.12995500
19.624060,0.13203000,0.13227800,0.13022200,0.13039200,0.13072100,0.13032700,0.13056800
19.661650,0.13526600,0.13298900,0.13045600,0.13063800,0.13091800,0.13096800,0.13095700
19.699250,0.13590200,0.13186000,0.13015600,0.13023000,0.13129700,0.13109700,0.13107100
19.736840,0.13394400,0.12931100,0.12924400,0.13053000,0.13168300,0.13077200,0.13111700
19.774440,0.13147800,0.12776700,0.12898200,0.13157800,0.13146400,0.13016800,0.13091100
19.812030,0.13052300,0.12927200,0.12990700,0.13209000,0.13071900,0.12988200,0.13084600
19.849620,0.13175900,0.13310700,0.13056300,0.13181000,0.13080200,0.13055000,0.13128600
19.887220,0.13517000,0.13654400,0.13029600,0.13221300,0.13254500,0.13228400,0.13213900
19.924810,0.13971300,0.13844200,0.13124900,0.13447500,0.13495000,0.13487800,0.13389800
19.962400,0.14187900,0.14030400,0.13459700,0.13727600,0.13708500,0.13801900,0.13664300
20.000000,0.14058400,0.14435400,0.13864000,0.13987800,0.13957000,0.14098200,0.13998000
