E[1] [eV],Re(eps)_nk_6,Re(eps)_nk_8,Re(eps)_nk_10,Re(eps)_nk_12,Re(eps)_nk_14,Re(eps)_nk_16,Re(eps)_nk_18
5.000000,2.83019100,2.68101700,2.73616100,2.74649800,2.74157800,2.73773000,2.75234400
5.037593,2.83599400,2.70389500,2.75102600,2.74694200,2.74795900,2.75172100,2.75280900
5.075188,2.79139800,2.68876000,2.72580800,2.71764800,2.71524300,2.73709800,2.72589600
5.112782,2.71150400,2.64566900,2.66419500,2.67591700,2.65622200,2.67728800,2.67649800
5.150376,2.59361100,2.56886100,2.58831000,2.60415200,2.58576300,2.57590700,2.58662400
5.187970,2.41599700,2.47866500,2.49855600,2.47871000,2.48804200,2.45991400,2.46110700
5.225564,2.19862600,2.40149300,2.37912100,2.31404200,2.34325800,2.33821000,2.32799900
5.263157,1.97790200,2.28307600,2.20972800,2.14445200,2.16492800,2.18622700,2.18010700
5.300752,1.75857100,2.03266800,1.96634600,1.95555300,1.95159400,1.95888100,1.96155600
5.338346,1.51495800,1.66763600,1.65072300,1.67671300,1.66486700,1.63872200,1.64483700
5.375940,1.28729900,1.29003200,1.28823400,1.31093400,1.30427700,1.28749400,1.29030900
5.413534,1.11454300,0.95620800,0.91580300,0.95134100,0.95517500,0.97473200,0.97084000
5.451128,0.94807300,0.66132500,0.59780400,0.68258800,0.68031700,0.69235600,0.69136100
5.488721,0.73358300,0.40194900,0.39571800,0.47318700,0.44903200,0.44341600,0.45261000
5.526316,0.43683800,0.22029400,0.30545300,0.27860200,0.25943100,0.27114000,0.26906300
5.563910,0.12989000,0.12723600,0.26123900,0.13373600,0.16042700,0.16972500,0.15833100
5.601503,-0.04632100,0.09259200,0.17877500,0.08838800,0.12929900,0.11338700,0.11271500
5.639097,-0.06973700,0.09183700,0.07339700,0.10356500,0.11354200,0.09399800,0.10025400
5.676692,0.00882900,0.10698200,0.04018900,0.12513400,0.09987100,0.10082800,0.10205300
5.714285,0.13165200,0.13204800,0.09692400,0.14584700,0.11539300,0.12459100,0.12630400
5.751880,0.24627300,0.18968200,0.18879500,0.17426700,0.16228400,0.16865500,0.16941100
5.789474,0.32200900,0.26247000,0.26489500,0.21534100,0.22061900,0.22662700,0.22281400
5.827067,0.33602300,0.30800000,0.30526000,0.26462400,0.28265400,0.28620800,0.28196700
5.864661,0.32372400,0.32796800,0.33841100,0.33139400,0.35138400,0.34365300,0.34498000
5.902255,0.33264700,0.36926400,0.39639200,0.40727500,0.41252100,0.40067700,0.40659300
5.939849,0.36282900,0.44797700,0.46296800,0.46685600,0.46001800,0.45872000,0.46113000
5.977444,0.42773000,0.53847300,0.50645300,0.51309600,0.51333100,0.51576500,0.51205500
6.015037,0.52585600,0.60956500,0.53876000,0.57138500,0.56673800,0.57115200,0.56814100
6.052631,0.61296600,0.64737600,0.59532700,0.63367100,0.61293400,0.62508000,0.62208300
6.090225,0.66976900,0.65821100,0.66522300,0.66975200,0.66274400,0.66445300,0.66471300
6.127820,0.72580000,0.65425800,0.70972500,0.68316700,0.69857500,0.68495600,0.69170300
6.165413,0.77069600,0.64386400,0.71477400,0.68788300,0.69798500,0.69330700,0.69510300
6.203007,0.76062700,0.63662500,0.68714300,0.67797400,0.67075600,0.68087800,0.67552900
6.240601,0.67727200,0.63446900,0.63619100,0.64406000,0.63228300,0.63973900,0.63652500
6.278195,0.54185400,0.60388900,0.56495400,0.58143500,0.58035400,0.57443800,0.57830600
6.315789,0.41297400,0.54535900,0.49805700,0.51168800,0.51757000,0.50336700,0.50598000
6.353383,0.35685600,0.50522100,0.46887100,0.45976200,0.45864900,0.44861000,0.44763300
6.390977,0.38365400,0.49172300,0.46231200,0.42160300,0.41469000,0.42350300,0.42776900
6.428571,0.45379300,0.48917900,0.45590300,0.40035400,0.41091100,0.43560600,0.43980600
6.466165,0.53024500,0.48952300,0.44170800,0.41651100,0.44937100,0.46884000,0.45901100
6.503759,0.59458700,0.48520600,0.43794000,0.46721300,0.49728200,0.49506500,0.47668900
6.541353,0.62645500,0.47353900,0.45799700,0.52478500,0.53352000,0.50649500,0.49950100
6.578947,0.63314500,0.46777900,0.48886300,0.57139600,0.55233500,0.51327100,0.52607000
6.616541,0.64541200,0.47810200,0.52276100,0.59661700,0.55104600,0.52742000,0.55066900
6.654135,0.65255800,0.49253800,0.55926000,0.59388500,0.53879000,0.55036500,0.57050200
6.691729,0.63873000,0.50366700,0.60009700,0.57915600,0.53738400,0.57560400,0.58189000
6.729323,0.59691000,0.51635600,0.63678200,0.56542900,0.55772000,0.59862100,0.58383000
6.766917,0.55636500,0.54636700,0.65529800,0.56393800,0.59042000,0.61766800,0.58534900
6.804511,0.54310400,0.59035100,0.65777000,0.57980300,0.62240100,0.62838300,0.59822000
6.842104,0.54381700,0.63301900,0.65772900,0.60166400,0.64557200,0.62740300,0.62050800
6.879699,0.53580800,0.67691300,0.65253200,0.61621900,0.65739100,0.62171300,0.63912800
6.917293,0.51876500,0.72001900,0.63835600,0.62763200,0.66574300,0.62497100,0.65119800
6.954887,0.52615900,0.74039000,0.62244500,0.64960400,0.67145200,0.64002500,0.66379700
6.992481,0.56573900,0.73657200,0.61634000,0.67799100,0.67037800,0.65902500,0.67622000
7.030074,0.60873300,0.72694900,0.62211700,0.69994300,0.66108000,0.67487400,0.68013300
7.067669,0.63096500,0.72163500,0.63670700,0.71449900,0.65508200,0.68849900,0.67510200
7.105263,0.64394400,0.71816600,0.66054700,0.72355300,0.66377000,0.70306900,0.67479400
7.142857,0.67244400,0.71123000,0.68846300,0.72617200,0.68217100,0.71575500,0.69014700
7.180451,0.71313900,0.70670300,0.71803800,0.72607300,0.70649200,0.72567800,0.71360400
7.218045,0.75188800,0.70615200,0.75514000,0.72465800,0.73829400,0.73529500,0.73688200
7.255639,0.79253100,0.71417000,0.79545400,0.72688400,0.77241100,0.74941000,0.75999500
7.293232,0.83872600,0.74013100,0.82689400,0.74561600,0.80261300,0.77216000,0.78647100
7.330826,0.88335000,0.77928000,0.84280300,0.78439800,0.83176600,0.80146200,0.81916900
7.368421,0.91238200,0.82339800,0.85195900,0.83350200,0.86206700,0.83455300,0.85472300
7.406014,0.91506600,0.86692500,0.87049100,0.88040100,0.88860700,0.87158600,0.88468100
7.443608,0.90400700,0.91250100,0.90056000,0.91981700,0.90967500,0.91376400,0.90896000
7.481203,0.90743000,0.96386100,0.93689000,0.95693500,0.92939200,0.95851900,0.93646100
7.518797,0.93164200,1.00762800,0.97297500,0.99392400,0.95461600,0.99659900,0.96804400
7.556391,0.96976700,1.02510300,0.99940600,1.02539400,0.98414700,1.01819700,0.99729500
7.593984,1.01050500,1.01747300,1.00610300,1.03911600,1.00694500,1.02145500,1.01481900
7.631578,1.04590000,0.99790500,0.99259900,1.02471400,1.01374000,1.00808700,1.01649500
7.669173,1.06959800,0.97191300,0.97538900,0.98717200,1.00339600,0.98290100,1.00509100
7.706767,1.07309100,0.95549500,0.97727900,0.95831800,0.99154100,0.96241200,0.98898600
7.744360,1.06798000,0.96193300,1.00341600,0.95942700,0.99602900,0.96511900,0.98294800
7.781955,1.05964600,0.98111400,1.03271200,0.97716100,1.00962200,0.98720800,0.99080600
7.819549,1.04080100,0.99807500,1.04742800,0.99618300,1.01948000,1.01429700,1.00446100
7.857142,1.03188500,1.01632000,1.05325600,1.01934100,1.02916800,1.04295900,1.02396100
7.894736,1.05500400,1.04291300,1.05644800,1.05579800,1.04596000,1.07256900,1.05195900
7.932330,1.09801900,1.06960500,1.06250200,1.10089000,1.06763100,1.09685700,1.08276000
7.969924,1.13202400,1.09640700,1.07816700,1.13307500,1.08860500,1.11461000,1.10898600
8.007519,1.13477900,1.12510900,1.10325800,1.14143100,1.11194900,1.12257700,1.12598000
8.045113,1.11352000,1.15436200,1.12180800,1.14105700,1.13262700,1.11936800,1.13649100
8.082706,1.09363200,1.17581500,1.12278800,1.14119800,1.13932600,1.11507800,1.13952900
8.120299,1.07160700,1.16818500,1.10640100,1.12714200,1.12708700,1.10904400,1.12535700
8.157894,1.04323600,1.13429900,1.06691400,1.08877700,1.09628100,1.08632400,1.08623500
8.195488,1.01748700,1.09159700,1.02080000,1.02969600,1.05214200,1.04466400,1.03177200
8.233082,0.99429300,1.03091100,0.98533500,0.96771900,1.00396500,0.99800100,0.98332200
8.270677,0.95429400,0.95615600,0.95306700,0.92120700,0.95807900,0.95524400,0.94607200
8.308270,0.90924400,0.89495400,0.92522300,0.90184500,0.91388700,0.91891300,0.91486500
8.345864,0.89639100,0.85578000,0.91584000,0.89657800,0.87555500,0.89490200,0.89312400
8.383458,0.89786000,0.83535100,0.91911600,0.88367700,0.85486900,0.88116500,0.88090900
8.421052,0.86954900,0.82443800,0.91241400,0.86122300,0.85382800,0.86626100,0.87055300
8.458646,0.82136600,0.81838400,0.89081900,0.84697100,0.85978300,0.84917600,0.85922600
8.496240,0.78910500,0.81641700,0.86172400,0.85204500,0.85729700,0.83672700,0.84941000
8.533834,0.77822500,0.82471200,0.82871600,0.86132700,0.84329100,0.83430200,0.83961600
8.571428,0.77939900,0.84093200,0.80151600,0.86290800,0.82823100,0.83572300,0.82807500
8.609021,0.77745000,0.84791700,0.78589200,0.85226300,0.82351900,0.82935500,0.81750700
8.646616,0.75832100,0.83997300,0.76827400,0.82196700,0.82444900,0.81680900,0.80904900
8.684210,0.74075500,0.82762200,0.75058900,0.77919100,0.80984100,0.80170900,0.79967300
8.721804,0.74294900,0.81233300,0.75270800,0.74644200,0.77549100,0.77987600,0.78307800
8.759398,0.76435500,0.78826200,0.77410600,0.73499100,0.75028000,0.75855300,0.76406000
8.796992,0.79842600,0.75480400,0.79597300,0.74179000,0.74788600,0.74835600,0.75499400
8.834586,0.82384900,0.72240700,0.80362800,0.75354100,0.75625900,0.74734600,0.75361300
8.872180,0.82572000,0.71133400,0.79452100,0.76592400,0.76406100,0.75637000,0.75633300
8.909773,0.82278500,0.72970100,0.78068300,0.78068600,0.77343400,0.77599700,0.76805900
8.947368,0.83888500,0.76822100,0.77998400,0.80036800,0.78925200,0.79946300,0.79027900
8.984962,0.86707500,0.81140000,0.79774800,0.82549300,0.81272600,0.82266900,0.81932400
9.022555,0.89356800,0.85528100,0.82924800,0.85511200,0.84209500,0.84678700,0.84998200
9.060150,0.90929100,0.89793900,0.86365800,0.88223300,0.87321700,0.87320600,0.87762300
9.097744,0.91898900,0.93081400,0.89389300,0.90233300,0.90520800,0.90033200,0.90348800
9.135338,0.93587700,0.95040100,0.92004400,0.92265300,0.93632300,0.92712300,0.92944900
9.172933,0.95864100,0.96407000,0.94840100,0.94765200,0.96204500,0.95312500,0.95416600
9.210526,0.97633900,0.98149500,0.98165100,0.97545500,0.98273100,0.97891600,0.97877800
9.248120,0.98833000,1.00509600,1.01459400,1.00367500,1.00251000,1.00490200,1.00434200
9.285713,1.00233500,1.03056000,1.04377300,1.02847800,1.02441400,1.02933200,1.02813000
9.323307,1.01675100,1.05250000,1.06697000,1.04630000,1.04546500,1.05130500,1.04707700
9.360902,1.02579500,1.06362100,1.07793300,1.05838400,1.05930600,1.06507800,1.06102900
9.398496,1.03112100,1.06160100,1.06985400,1.06563300,1.06467900,1.06643900,1.06618600
9.436090,1.03500200,1.05263900,1.04637500,1.06164900,1.06045900,1.05690400,1.05993100
9.473684,1.03498300,1.03536700,1.02347900,1.04373600,1.04270400,1.03780200,1.04228200
9.511277,1.02443300,1.00906300,1.00551100,1.01916000,1.01547400,1.01335600,1.01615300
9.548872,1.00058200,0.98454600,0.98882900,0.99500300,0.98888900,0.99071200,0.99013300
9.586466,0.97129200,0.96971300,0.97323200,0.97389600,0.97073700,0.97369200,0.97090000
9.624060,0.95264300,0.96370100,0.96255200,0.96036500,0.96174800,0.96241000,0.95986900
9.661654,0.95659500,0.96126700,0.96059800,0.95839700,0.96086500,0.95932500,0.95898700
9.699247,0.97477600,0.96526100,0.96527400,0.96561800,0.96901200,0.96622300,0.96765000
9.736841,0.99365500,0.98055300,0.97565700,0.97822100,0.98217200,0.97987300,0.98091200
9.774436,1.01166300,0.99997700,0.99373200,0.99438400,0.99590200,0.99661400,0.99658300
9.812029,1.03027700,1.01653500,1.01782800,1.01265000,1.01301200,1.01566300,1.01554800
9.849624,1.04823400,1.03369700,1.04025500,1.03329200,1.03396000,1.03547500,1.03543800
9.887218,1.05944900,1.05067500,1.05577700,1.05107300,1.05162700,1.05108000,1.05128100
9.924811,1.06207700,1.05721900,1.06111700,1.05860100,1.05813700,1.05712400,1.05741900
9.962406,1.04997100,1.04744600,1.05425300,1.05295200,1.05086100,1.05134500,1.05054700
9.999999,1.01734500,1.03117800,1.04103000,1.03716400,1.03563200,1.03790100,1.03572300
10.037590,0.99126200,1.02324200,1.02929100,1.02420300,1.02552500,1.02678500,1.02599700
10.075190,0.99189800,1.02520200,1.01961200,1.02299500,1.02578900,1.02360400,1.02535300
10.112780,1.00820700,1.02862400,1.01551500,1.03000000,1.02887800,1.02454100,1.02713700
10.150380,1.02791100,1.03343100,1.02000500,1.03575100,1.02739700,1.02588700,1.02862600
10.187970,1.04197400,1.04119800,1.02897700,1.03513600,1.02627300,1.02984300,1.03041000
10.225560,1.04362500,1.04695000,1.03756100,1.03245100,1.03302600,1.03719200,1.03346200
10.263160,1.03996400,1.04794200,1.04619900,1.03454800,1.04323000,1.04420900,1.03914500
10.300750,1.03893000,1.04474300,1.05374600,1.03961800,1.04922500,1.04743700,1.04621600
10.338350,1.04205900,1.04265800,1.05347600,1.04416900,1.05110700,1.04802600,1.05203100
10.375940,1.05349800,1.04462200,1.04586200,1.04949900,1.05085500,1.04849200,1.05232600
10.413530,1.07568000,1.04442400,1.03974700,1.05257200,1.04815700,1.04711800,1.04767700
10.451130,1.09816600,1.04234400,1.04107700,1.05212300,1.04342800,1.04465100,1.04320900
10.488720,1.10154700,1.04686500,1.04653400,1.05129500,1.04139600,1.04502000,1.04277800
10.526310,1.08172300,1.05286800,1.04902700,1.04927200,1.04417800,1.04780200,1.04581900
10.563910,1.05329100,1.04794000,1.04697300,1.04543700,1.04823700,1.04898500,1.04911900
10.601500,1.02493700,1.03261000,1.04480500,1.03956700,1.04848700,1.04579000,1.04928400
10.639100,1.00203000,1.01759300,1.04310500,1.03199400,1.04099800,1.03762500,1.03985400
10.676690,0.99034900,1.00812200,1.03429300,1.02309500,1.02719000,1.02572200,1.02309900
10.714280,0.99630700,1.00731300,1.01859200,1.01576800,1.01428100,1.01392000,1.01239400
10.751880,1.01339200,1.01823000,1.00800300,1.01321300,1.00918700,1.00914000,1.01066600
10.789470,1.02601100,1.03398500,1.00968300,1.01537800,1.01216800,1.01465800,1.01380700
10.827070,1.02778400,1.04214000,1.01753300,1.02331300,1.01975400,1.02481300,1.02211500
10.864660,1.02361800,1.03995200,1.02285000,1.03225000,1.02927400,1.03040700,1.03071500
10.902250,1.01642400,1.03370100,1.02587400,1.03391900,1.03427100,1.03027800,1.03212300
10.939850,1.01054500,1.02272500,1.02452900,1.02508500,1.02849400,1.02421400,1.02632000
10.977440,1.00012800,1.00317300,1.01296300,1.00818400,1.01041200,1.00717500,1.01041400
11.015040,0.96920300,0.98023200,0.98607600,0.98258700,0.98140300,0.98065500,0.98133800
11.052630,0.92002700,0.94818800,0.94527900,0.94522100,0.94131000,0.94556300,0.94157200
11.090220,0.86418700,0.90227900,0.90024500,0.90068300,0.89617900,0.90276400,0.89742400
11.127820,0.82832100,0.85952800,0.86478200,0.86029300,0.85873700,0.86180400,0.85932000
11.165410,0.82960000,0.83602600,0.84041200,0.83122000,0.83573700,0.83432900,0.83640000
11.203010,0.84870600,0.82705200,0.82385200,0.81551300,0.82502200,0.82165300,0.82594200
11.240600,0.86450300,0.81896600,0.81537700,0.81356600,0.82081200,0.81638900,0.81876500
11.278190,0.86370600,0.80802400,0.81486400,0.81730000,0.81714200,0.81412100,0.81455400
11.315790,0.83830900,0.80101500,0.81723900,0.81804500,0.81358300,0.81436300,0.81476400
11.353380,0.80602400,0.80049600,0.81859200,0.81647600,0.81284200,0.81617500,0.81572200
11.390980,0.79517000,0.80685500,0.81937400,0.81796300,0.81647600,0.81812900,0.81572000
11.428570,0.80339000,0.81989100,0.81897400,0.82385500,0.82232200,0.81996000,0.81818100
11.466160,0.80908800,0.83547400,0.81614700,0.82938400,0.82539000,0.82308500,0.82291100
11.503760,0.80316300,0.84832900,0.81436400,0.82964100,0.82408600,0.82662500,0.82616900
11.541350,0.79182800,0.85356100,0.81873600,0.82499500,0.82279700,0.82921900,0.82835700
11.578950,0.78546200,0.84686900,0.82514100,0.82030000,0.82415300,0.82927200,0.82879800
11.616540,0.79284600,0.83142900,0.82401600,0.81750800,0.82488300,0.82451300,0.82467500
11.654130,0.81557900,0.81320100,0.81700500,0.81423500,0.82278400,0.81514300,0.81688900
11.691730,0.84161400,0.79577200,0.80956600,0.80883000,0.81538900,0.80438500,0.80748400
11.729320,0.86028100,0.78097700,0.80431300,0.80186900,0.80244800,0.79519300,0.79981400
11.766920,0.87364500,0.77267500,0.79966900,0.79859300,0.78956100,0.79020800,0.79430300
11.804510,0.88136200,0.77547700,0.79358400,0.79933200,0.78456600,0.79257000,0.79126700
11.842100,0.87732400,0.78305200,0.79324200,0.79859400,0.78778000,0.79907400,0.79260200
11.879700,0.86201200,0.78879900,0.80042500,0.79715800,0.79475200,0.80443000,0.79767800
11.917290,0.83839100,0.79643300,0.80896900,0.79937200,0.80363200,0.80812700,0.80308900
11.954890,0.81658300,0.80863200,0.81774100,0.80580300,0.81244200,0.81171300,0.80815400
11.992480,0.80285400,0.81706200,0.82166600,0.81041200,0.81837100,0.81305400,0.81237800
12.030070,0.79516500,0.81437500,0.81570600,0.80803500,0.81822700,0.80776100,0.81272500
12.067670,0.78440100,0.80405500,0.79836300,0.79810900,0.80719700,0.79401100,0.80419500
12.105260,0.76166000,0.78788700,0.77101300,0.78037500,0.78429100,0.77363800,0.78585400
12.142860,0.72871000,0.76299900,0.74538300,0.75822000,0.75566400,0.75330200,0.76151900
12.180450,0.69583800,0.73789100,0.73420500,0.73984700,0.73170200,0.74046900,0.73800300
12.218040,0.66838800,0.72354300,0.73472300,0.72697800,0.71837700,0.73490800,0.71986300
12.255640,0.65026800,0.71968700,0.73117400,0.71603800,0.71189000,0.72548000,0.70821800
12.293230,0.64342400,0.71782400,0.71433500,0.70409600,0.70589200,0.70745800,0.70179200
12.330830,0.64021100,0.71344600,0.68956000,0.69215500,0.69767000,0.69128200,0.69670700
12.368420,0.63838500,0.70563100,0.66615400,0.68671500,0.68829900,0.68340200,0.69008500
12.406010,0.64683900,0.69591500,0.65349900,0.68847800,0.68010200,0.67907400,0.68281200
12.443610,0.66448800,0.68653700,0.65273200,0.68932500,0.67433400,0.67468200,0.67799200
12.481200,0.67700100,0.67859100,0.65844000,0.68309800,0.67192100,0.67044600,0.67558100
12.518800,0.67236700,0.67233100,0.66862300,0.67026500,0.67248600,0.66712900,0.67216300
12.556390,0.65143000,0.66733600,0.67794800,0.65790600,0.66988400,0.66540400,0.66510900
12.593980,0.63058700,0.66107000,0.68129300,0.65063500,0.66249500,0.66351700,0.65695500
12.631580,0.62526200,0.65023200,0.67999600,0.64601100,0.65599300,0.65900000,0.65264300
12.669170,0.63616900,0.63770400,0.67789700,0.64466200,0.65336800,0.65456800,0.65222400
12.706770,0.66007100,0.62975200,0.67620700,0.64933700,0.65379700,0.65436400,0.65295800
12.744360,0.69071300,0.62753300,0.66969700,0.65794600,0.65365200,0.65616700,0.65428400
12.781950,0.71368800,0.62754700,0.65706100,0.66351500,0.65072800,0.65595400,0.65543100
12.819550,0.72190400,0.63074700,0.64349300,0.66057300,0.64706900,0.65116500,0.65412200
12.857140,0.72024600,0.63992400,0.63019700,0.65179900,0.64539400,0.64298800,0.64901000
12.894740,0.70532000,0.64942500,0.61785400,0.64084200,0.64326000,0.63505600,0.64123400
12.932330,0.67250900,0.65224000,0.61319500,0.62891600,0.63738200,0.62979600,0.63319200
12.969920,0.63825100,0.64755900,0.61713100,0.61929000,0.62971900,0.62612600,0.62560000
13.007520,0.61848400,0.63498200,0.62033100,0.61339400,0.62070800,0.62180400,0.61766400
13.045110,0.61332000,0.61541300,0.61722400,0.60997300,0.61052500,0.61651200,0.61125900
13.082710,0.61396400,0.59886600,0.60978300,0.60829400,0.60501900,0.61253900,0.60870200
13.120300,0.61558900,0.59709300,0.60299100,0.60915200,0.60771500,0.61262100,0.61070900
13.157890,0.62215300,0.60741700,0.60263600,0.61490600,0.61503500,0.61556100,0.61425700
13.195490,0.63101500,0.62096400,0.61231100,0.62346800,0.61992500,0.61804900,0.61606600
13.233080,0.63303800,0.63120600,0.62632400,0.62829500,0.61974400,0.61773500,0.61767100
13.270670,0.62638600,0.63267200,0.63551600,0.62644200,0.61678900,0.61604300,0.62006500
13.308270,0.61606300,0.62522500,0.63687400,0.62044500,0.61536600,0.61489400,0.62111800
13.345860,0.61207600,0.61231400,0.63057600,0.61571000,0.61600200,0.61319600,0.61907800
13.383460,0.61166400,0.59936200,0.61894300,0.61263100,0.61472100,0.61041300,0.61446300
13.421050,0.60738600,0.59421400,0.60581100,0.60889600,0.61003200,0.60873700,0.60901500
13.458640,0.59781500,0.59775000,0.59422300,0.60219700,0.60390900,0.60647200,0.60165700
13.496240,0.58649400,0.60195100,0.58847700,0.59473500,0.59900800,0.60161400,0.59368700
13.533830,0.57903000,0.60184900,0.58730100,0.58944300,0.59647800,0.59608400,0.58989300
13.571430,0.57718000,0.60061800,0.58633700,0.58682100,0.59556400,0.59228500,0.59029000
13.609020,0.57390200,0.59923600,0.58600200,0.58606100,0.59409200,0.59102600,0.59224400
13.646620,0.56419400,0.59636500,0.58690100,0.58513800,0.59072000,0.58993300,0.59409700
13.684210,0.55737200,0.59256000,0.58811600,0.58591200,0.58612900,0.58837300,0.59395900
13.721800,0.56041400,0.58864900,0.59094900,0.58884400,0.58270800,0.58798600,0.59119800
13.759400,0.56667300,0.58962100,0.59558700,0.59190600,0.58354200,0.59011500,0.58886800
13.796990,0.57169600,0.59542200,0.60007200,0.59546600,0.58934100,0.59400500,0.59109900
13.834590,0.57743800,0.60189000,0.60300900,0.60159200,0.59756200,0.59834000,0.59629000
13.872180,0.58578100,0.60828900,0.60420500,0.60873200,0.60565700,0.60250300,0.60096300
13.909770,0.59545300,0.61266500,0.60518400,0.61248100,0.61157700,0.60595600,0.60524300
13.947370,0.60300000,0.61401300,0.60727900,0.61219700,0.61283000,0.60867100,0.60999900
13.984960,0.60769800,0.61235300,0.60955700,0.61081500,0.61074700,0.60893200,0.61225500
14.022560,0.60870300,0.60912800,0.61185600,0.60998800,0.60914600,0.60688500,0.61045300
14.060150,0.60865900,0.60722000,0.61249700,0.60955700,0.60817700,0.60537700,0.60745800
14.097740,0.61011300,0.60533800,0.61098800,0.60780000,0.60686400,0.60588000,0.60492000
14.135340,0.61319800,0.59785900,0.60594600,0.60382700,0.60528000,0.60704600,0.60371100
14.172930,0.61974200,0.59044500,0.59692200,0.59942300,0.60249900,0.60733700,0.60373000
14.210530,0.62791100,0.58871200,0.59011900,0.59602300,0.59936000,0.60568700,0.60278100
14.248120,0.63324000,0.58973500,0.58943500,0.59532600,0.59815200,0.60262600,0.59998400
14.285710,0.62965600,0.59097800,0.59262800,0.59667300,0.59926400,0.59996100,0.59797800
14.323310,0.61866700,0.59395200,0.59924300,0.59981600,0.60176500,0.59873200,0.59942600
14.360900,0.60678800,0.60005500,0.60774100,0.60355200,0.60461000,0.59984700,0.60345400
14.398490,0.59576300,0.60730800,0.61346700,0.60484200,0.60544800,0.60143300,0.60665800
14.436090,0.58749300,0.60918500,0.61350500,0.60306200,0.60264300,0.60025600,0.60534400
14.473680,0.58178600,0.60226500,0.60634000,0.60003700,0.59653900,0.59597500,0.59859500
14.511280,0.57659900,0.59190300,0.59371400,0.59487600,0.58921800,0.59000100,0.58967900
14.548870,0.57267000,0.58334700,0.58023600,0.58594700,0.58279800,0.58494100,0.58240100
14.586460,0.57127200,0.57649400,0.57105000,0.57647700,0.57825700,0.58163900,0.57777700
14.624060,0.57174200,0.57029100,0.56882500,0.57137600,0.57579500,0.57856700,0.57560000
14.661650,0.57294400,0.56570300,0.57053900,0.57162500,0.57518800,0.57586400,0.57490200
14.699250,0.57727800,0.56576700,0.57323600,0.57679800,0.57682300,0.57593800,0.57574400
14.736840,0.58657700,0.57163900,0.57696300,0.58474400,0.58024800,0.57920100,0.57870100
14.774440,0.59568300,0.58126600,0.58075900,0.58915600,0.58325500,0.58239500,0.58107300
14.812030,0.60028300,0.59093400,0.58250000,0.58654600,0.58311400,0.58331400,0.58101700
14.849620,0.59925200,0.59515000,0.58111400,0.58007100,0.57983500,0.58157600,0.57940900
14.887220,0.59213200,0.59130900,0.57918000,0.57376500,0.57653800,0.57626800,0.57751000
14.924810,0.58459500,0.58323300,0.57944400,0.57028500,0.57429300,0.57015300,0.57570000
14.962400,0.58413500,0.57783600,0.58056300,0.57052000,0.57231100,0.56812900,0.57459100
15.000000,0.59053000,0.57909000,0.58283500,0.57216400,0.57220700,0.57051900,0.57479400
15.037590,0.59751500,0.58354300,0.58554400,0.57385300,0.57416500,0.57455000,0.57621400
15.075190,0.60036900,0.58735800,0.58425300,0.57577400,0.57609600,0.57877700,0.57777000
15.112780,0.59818400,0.58872800,0.57720400,0.57704500,0.57613500,0.58080600,0.57708100
15.150370,0.59033200,0.58559100,0.56792200,0.57560200,0.57340500,0.57844500,0.57351400
15.187970,0.57709100,0.57843700,0.55965700,0.57108700,0.57029300,0.57305700,0.56867000
15.225560,0.56270300,0.57052700,0.55370300,0.56605300,0.56906500,0.56795800,0.56516900
15.263160,0.55146500,0.56506600,0.55212500,0.56360300,0.56958100,0.56561700,0.56425200
15.300750,0.54610000,0.56222700,0.55695700,0.56483900,0.57064700,0.56617200,0.56558200
15.338350,0.54820200,0.55898400,0.56581200,0.56865700,0.57083100,0.56732100,0.56867100
15.375940,0.55388800,0.55669600,0.57371100,0.57256600,0.56976500,0.56871900,0.57228600
15.413530,0.55850000,0.55762900,0.57880500,0.57478300,0.56864200,0.57123600,0.57478600
15.451130,0.56245700,0.56100000,0.58109600,0.57688300,0.56979300,0.57365900,0.57604300
15.488720,0.56496900,0.56577100,0.58230400,0.57937400,0.57442600,0.57566000,0.57730900
15.526320,0.56703400,0.57131800,0.58321100,0.58183800,0.58029000,0.57907200,0.57993800
15.563910,0.57366200,0.57684300,0.58403300,0.58582600,0.58484000,0.58395100,0.58388900
15.601500,0.58203700,0.58142600,0.58594300,0.59094300,0.58877500,0.58925500,0.58816800
15.639100,0.58473300,0.58457400,0.58957600,0.59451800,0.59318800,0.59397500,0.59198700
15.676690,0.58155000,0.58697800,0.59425100,0.59518600,0.59704300,0.59721700,0.59451700
15.714280,0.57780200,0.59061500,0.59920900,0.59383100,0.59890500,0.59902800,0.59614400
15.751880,0.57817900,0.59744600,0.60352300,0.59264400,0.59949800,0.60001200,0.59820000
15.789470,0.58580900,0.60659100,0.60655000,0.59475500,0.60140400,0.60090400,0.60124200
15.827070,0.59881500,0.61532700,0.60788900,0.60100400,0.60492400,0.60260200,0.60476800
15.864660,0.60907600,0.62085300,0.60903900,0.60725800,0.60771300,0.60529600,0.60770600
15.902260,0.61090100,0.62228400,0.61180400,0.61036900,0.60876200,0.60805600,0.60988200
15.939850,0.60834700,0.62224400,0.61418100,0.61239700,0.60943900,0.61031900,0.61165100
15.977440,0.60865600,0.62310900,0.61460600,0.61627200,0.61137900,0.61309500,0.61374500
16.015040,0.61127200,0.62280300,0.61466800,0.62038600,0.61477000,0.61705600,0.61681600
16.052630,0.61514100,0.62010800,0.61561200,0.62339700,0.61938000,0.62136100,0.62002800
16.090230,0.62192100,0.61963400,0.61793200,0.62609100,0.62425900,0.62542300,0.62325300
16.127820,0.62932100,0.62418700,0.62247700,0.62846800,0.62814100,0.62910900,0.62655200
16.165410,0.63457700,0.63029200,0.62797400,0.62985600,0.63096500,0.63196400,0.62970800
16.203010,0.63872900,0.63471300,0.63177500,0.63080500,0.63389100,0.63357000,0.63337300
16.240600,0.64351400,0.63684400,0.63283400,0.63285600,0.63768200,0.63409900,0.63710300
16.278190,0.64760200,0.63695100,0.63215200,0.63538300,0.64014100,0.63438500,0.63890100
16.315790,0.64894800,0.63649300,0.63260900,0.63705300,0.63961500,0.63516900,0.63788700
16.353380,0.64696900,0.63556400,0.63467800,0.63683200,0.63684200,0.63587700,0.63529300
16.390980,0.64335300,0.63404900,0.63643500,0.63413900,0.63238000,0.63474400,0.63238300
16.428570,0.64061500,0.63227300,0.63709800,0.63070400,0.62732800,0.63195100,0.62981000
16.466160,0.63899500,0.62838100,0.63684200,0.62809800,0.62428200,0.62907400,0.62767600
16.503760,0.63933400,0.62388500,0.63396000,0.62653500,0.62443700,0.62716300,0.62631400
16.541350,0.64257500,0.62248700,0.62839200,0.62651700,0.62631600,0.62665200,0.62642900
16.578950,0.64798200,0.62434100,0.62330100,0.62818700,0.62824100,0.62712800,0.62813200
16.616540,0.65115900,0.62653900,0.62179900,0.63059900,0.62968100,0.62786000,0.63014800
16.654130,0.64633400,0.62776700,0.62453600,0.63212300,0.63130100,0.62913600,0.63116600
16.691730,0.63580200,0.62988400,0.63031400,0.63230200,0.63362100,0.63173500,0.63165300
16.729320,0.63113300,0.63509100,0.63654400,0.63367200,0.63659100,0.63533500,0.63347200
16.766920,0.63506000,0.64130000,0.64137700,0.63684200,0.63920200,0.63871400,0.63691400
16.804510,0.63914900,0.64328000,0.64394700,0.63875100,0.63959300,0.63989500,0.63929900
16.842100,0.63680100,0.63910800,0.64249300,0.63740400,0.63686800,0.63783600,0.63850100
16.879700,0.62919800,0.63260200,0.63722900,0.63363300,0.63181400,0.63382800,0.63472500
16.917290,0.62103700,0.62757700,0.63180200,0.63019000,0.62810200,0.63051200,0.63058700
16.954890,0.61745400,0.62570800,0.62916900,0.62968900,0.62894300,0.63000000,0.62986600
16.992480,0.62045700,0.62933300,0.63012600,0.63239800,0.63383700,0.63292800,0.63352100
17.030080,0.62899100,0.63957400,0.63522000,0.63810900,0.64042400,0.63906000,0.63973700
17.067670,0.64193400,0.65230200,0.64330500,0.64607800,0.64703400,0.64644200,0.64637100
17.105260,0.65475900,0.66042600,0.65142200,0.65359200,0.65304400,0.65253300,0.65223600
17.142850,0.66074400,0.66126400,0.65670800,0.65771700,0.65774700,0.65608400,0.65621400
17.180450,0.65824000,0.65763600,0.65749100,0.65774800,0.65888200,0.65698200,0.65674800
17.218040,0.65220200,0.65205600,0.65390500,0.65434200,0.65472400,0.65475000,0.65371000
17.255640,0.64530000,0.64474700,0.64749600,0.64847100,0.64727200,0.64910400,0.64853600
17.293230,0.63587300,0.63800800,0.64128400,0.64238300,0.64039100,0.64189800,0.64259300
17.330830,0.62581300,0.63372000,0.63596500,0.63679700,0.63547400,0.63542100,0.63678300
17.368420,0.62050800,0.62975800,0.63108100,0.63142000,0.63087900,0.63034000,0.63150600
17.406010,0.62071900,0.62465700,0.62636900,0.62678000,0.62595200,0.62595800,0.62613100
17.443610,0.62249300,0.62043500,0.62050200,0.62305900,0.62133000,0.62211800,0.62091000
17.481200,0.62168500,0.61856000,0.61547900,0.61936600,0.61784500,0.61894500,0.61721300
17.518800,0.61917400,0.61739900,0.61368500,0.61584900,0.61553500,0.61617400,0.61512400
17.556390,0.61720600,0.61624900,0.61386400,0.61304300,0.61400100,0.61402800,0.61401600
17.593980,0.61655300,0.61610800,0.61479300,0.61202900,0.61383900,0.61345400,0.61419000
17.631580,0.61762200,0.61760100,0.61718700,0.61413200,0.61578000,0.61497100,0.61604400
17.669170,0.61983500,0.62063700,0.62136100,0.61860200,0.61962700,0.61868300,0.61944500
17.706770,0.62368600,0.62499700,0.62652900,0.62436700,0.62450800,0.62441000,0.62406900
17.744360,0.62909200,0.62954000,0.63180300,0.63044100,0.62972800,0.63071300,0.62956600
17.781950,0.63421000,0.63337800,0.63603200,0.63530900,0.63453800,0.63585100,0.63499400
17.819550,0.63655500,0.63669800,0.63870700,0.63858700,0.63835500,0.63917100,0.63907500
17.857140,0.63648300,0.63939200,0.64022700,0.64111200,0.64107800,0.64106400,0.64143400
17.894740,0.63633100,0.64102200,0.64160500,0.64302500,0.64307400,0.64227800,0.64274900
17.932330,0.63654000,0.64123200,0.64360700,0.64406000,0.64467400,0.64329600,0.64358500
17.969920,0.63808100,0.64142400,0.64624700,0.64489300,0.64608900,0.64482500,0.64471400
18.007520,0.64270600,0.64361400,0.64902500,0.64625400,0.64801900,0.64725000,0.64720800
18.045110,0.64923500,0.64842200,0.65146200,0.64842300,0.65057100,0.65041700,0.65057900
18.082710,0.65518700,0.65470300,0.65386100,0.65181200,0.65312100,0.65392700,0.65361000
18.120300,0.65979800,0.66033400,0.65597000,0.65623300,0.65561700,0.65697900,0.65636900
18.157890,0.66318800,0.66445100,0.65734000,0.66111600,0.65846100,0.65943400,0.65920900
18.195490,0.66630400,0.66796600,0.65960100,0.66586700,0.66146200,0.66191900,0.66204900
18.233080,0.66916000,0.67111200,0.66313800,0.66956100,0.66433000,0.66458000,0.66480500
18.270680,0.67017200,0.67294000,0.66618400,0.67093600,0.66700600,0.66713600,0.66744400
18.308270,0.66904000,0.67341300,0.66781500,0.66995000,0.66948800,0.66945800,0.66970600
18.345860,0.66728700,0.67318000,0.66907800,0.66830500,0.67154400,0.67132700,0.67108400
18.383460,0.66636600,0.67218200,0.67060900,0.66755100,0.67250600,0.67202300,0.67106100
18.421050,0.66736700,0.67040900,0.67153500,0.66774800,0.67187100,0.67143300,0.67019300
18.458640,0.67107900,0.66881100,0.67167100,0.66881700,0.67087300,0.67091800,0.67026700
18.496240,0.67707000,0.66880600,0.67199000,0.67102500,0.67141500,0.67156500,0.67213100
18.533830,0.68359300,0.67116500,0.67337100,0.67448200,0.67398300,0.67331400,0.67497600
18.571430,0.68766800,0.67521200,0.67567100,0.67842900,0.67740200,0.67615600,0.67796800
18.609020,0.68759000,0.67934000,0.67908100,0.68197700,0.68040800,0.67978300,0.68088800
18.646610,0.68562800,0.68225000,0.68419300,0.68508200,0.68311100,0.68366800,0.68366900
18.684210,0.68489000,0.68445400,0.68956100,0.68774700,0.68615700,0.68761300,0.68635000
18.721800,0.68599500,0.68685700,0.69317200,0.69017800,0.68935700,0.69119400,0.68928400
18.759400,0.68757200,0.68934200,0.69447100,0.69264500,0.69204700,0.69399200,0.69215900
18.796990,0.68901000,0.69164000,0.69421000,0.69453800,0.69384600,0.69558600,0.69402800
18.834590,0.69074700,0.69331900,0.69353600,0.69517600,0.69505600,0.69551300,0.69479100
18.872180,0.69214100,0.69460100,0.69266800,0.69472000,0.69616500,0.69437200,0.69515300
18.909770,0.69299300,0.69571500,0.69196800,0.69410800,0.69690300,0.69369400,0.69546700
18.947370,0.69332700,0.69657400,0.69239400,0.69426000,0.69674700,0.69423500,0.69568200
18.984960,0.69347700,0.69666900,0.69407600,0.69564200,0.69618400,0.69547700,0.69602700
19.022560,0.69355600,0.69593400,0.69644200,0.69756000,0.69629700,0.69658800,0.69660000
19.060150,0.69310700,0.69590000,0.69946900,0.69877500,0.69707000,0.69765700,0.69734900
19.097740,0.69305200,0.69730300,0.70312400,0.69942800,0.69840200,0.69926500,0.69857100
19.135340,0.69549300,0.69979000,0.70624300,0.70050700,0.70026600,0.70147300,0.70038700
19.172930,0.70065000,0.70281100,0.70779900,0.70218000,0.70208400,0.70365900,0.70253000
19.210530,0.70579300,0.70587100,0.70792200,0.70399800,0.70385000,0.70540000,0.70489600
19.248120,0.70893800,0.70891900,0.70749500,0.70613000,0.70587000,0.70693200,0.70710700
19.285710,0.71157400,0.71180100,0.70759200,0.70885300,0.70801200,0.70832600,0.70889700
19.323310,0.71542200,0.71485200,0.70851700,0.71181700,0.71003700,0.70992900,0.71059000
19.360900,0.71851000,0.71750500,0.71019500,0.71400200,0.71196100,0.71186200,0.71231900
19.398490,0.71879700,0.71845400,0.71243200,0.71477000,0.71371500,0.71361400,0.71378900
19.436090,0.71780300,0.71761700,0.71452200,0.71480800,0.71544800,0.71484500,0.71490600
19.473680,0.71796200,0.71658900,0.71589700,0.71550000,0.71733200,0.71606400,0.71599200
19.511280,0.71930900,0.71728000,0.71680800,0.71697700,0.71904300,0.71766400,0.71760400
19.548870,0.72183600,0.71932200,0.71781200,0.71888000,0.72019200,0.71917900,0.71960000
19.586470,0.72527600,0.72134300,0.71896300,0.72098200,0.72111000,0.72069800,0.72129300
19.624060,0.72766000,0.72250900,0.72036500,0.72235200,0.72216000,0.72220400,0.72243900
19.661650,0.72693000,0.72224600,0.72137400,0.72291400,0.72325500,0.72304200,0.72317400
19.699250,0.72445700,0.72157000,0.72188100,0.72403500,0.72419500,0.72348200,0.72390200
19.736840,0.72312800,0.72271900,0.72305700,0.72576900,0.72474100,0.72408400,0.72463200
19.774440,0.72434700,0.72645200,0.72516300,0.72683100,0.72507600,0.72519500,0.72550600
19.812030,0.72738800,0.73088000,0.72689100,0.72711700,0.72626400,0.72709800,0.72688700
19.849620,0.73076200,0.73320200,0.72756400,0.72801300,0.72858200,0.72938700,0.72843900
19.887220,0.73307600,0.73296600,0.72897700,0.73016400,0.73074200,0.73142800,0.73011000
19.924810,0.73248800,0.73224500,0.73189700,0.73211100,0.73156600,0.73276200,0.73186900
19.962400,0.72898500,0.73261100,0.73418500,0.73252500,0.73180700,0.73300100,0.73293500
20.000000,0.72714700,0.73274400,0.73437400,0.73263500,0.73180700,0.73214700,0.73308400
